/*
SQLyog Community v12.2.4 (64 bit)
MySQL - 5.5.25 : Database - onemarkt_alaskaroom
*********************************************************************
*/

/*!40101 SET NAMES utf8 */;

/*!40101 SET SQL_MODE=''*/;

/*!40014 SET @OLD_UNIQUE_CHECKS=@@UNIQUE_CHECKS, UNIQUE_CHECKS=0 */;
/*!40014 SET @OLD_FOREIGN_KEY_CHECKS=@@FOREIGN_KEY_CHECKS, FOREIGN_KEY_CHECKS=0 */;
/*!40101 SET @OLD_SQL_MODE=@@SQL_MODE, SQL_MODE='NO_AUTO_VALUE_ON_ZERO' */;
/*!40111 SET @OLD_SQL_NOTES=@@SQL_NOTES, SQL_NOTES=0 */;
CREATE DATABASE /*!32312 IF NOT EXISTS*/`onemarkt_alaskaroom` /*!40100 DEFAULT CHARACTER SET utf8 */;

USE `onemarkt_alaskaroom`;

/*Table structure for table `access_token` */

DROP TABLE IF EXISTS `access_token`;

CREATE TABLE `access_token` (
  `id` int(11) NOT NULL AUTO_INCREMENT,
  `access_token` varchar(50) NOT NULL,
  `expires_in` int(11) NOT NULL,
  `user_id` int(11) DEFAULT NULL,
  `date_created` datetime NOT NULL,
  `vk_id` int(11) NOT NULL,
  PRIMARY KEY (`id`)
) ENGINE=InnoDB AUTO_INCREMENT=130 DEFAULT CHARSET=utf8;

/*Data for the table `access_token` */

insert  into `access_token`(`id`,`access_token`,`expires_in`,`user_id`,`date_created`,`vk_id`) values 
(124,'f3f655e6ba1a97ba47da5340326446481c92ce29db5cd60ae2',86400,NULL,'2017-12-20 11:54:25',462993092),
(125,'798b9f302d615979a0ce1a86298105534bcb66048228161d42',86399,NULL,'2017-12-20 12:06:25',462993092),
(126,'69518b64029ef01bb6857d3e8b0bb16987b5b3675131e2e8ae',86400,NULL,'2017-12-20 12:28:38',462993092),
(127,'cbddab9adfa16180ec1f057ce9cb4addc34bd31a57ddbf6dc0',86400,NULL,'2017-12-20 13:57:21',16718732),
(128,'8ec7f95944fd270f1d72416cdd7a1fc897b951890f58416916',86400,NULL,'2017-12-21 01:28:06',16718732),
(129,'9f3d949f58f744539a757b1b337bd405e027c1451d82b22e4d',86398,NULL,'2017-12-21 12:16:50',16718732);

/*Table structure for table `complain` */

DROP TABLE IF EXISTS `complain`;

CREATE TABLE `complain` (
  `id` int(11) NOT NULL AUTO_INCREMENT,
  `name` varchar(100) NOT NULL,
  PRIMARY KEY (`id`)
) ENGINE=InnoDB AUTO_INCREMENT=3 DEFAULT CHARSET=utf8;

/*Data for the table `complain` */

insert  into `complain`(`id`,`name`) values 
(1,'Рекламное агентство'),
(2,'Не студент');

/*Table structure for table `faculty` */

DROP TABLE IF EXISTS `faculty`;

CREATE TABLE `faculty` (
  `id` int(11) NOT NULL AUTO_INCREMENT,
  `name_full` varchar(200) DEFAULT NULL,
  `name_short` varchar(50) NOT NULL,
  `vk_id` int(11) NOT NULL,
  `university_id` int(11) NOT NULL,
  `is_demo` tinyint(1) NOT NULL DEFAULT '0',
  PRIMARY KEY (`id`)
) ENGINE=InnoDB AUTO_INCREMENT=388 DEFAULT CHARSET=utf8;

/*Data for the table `faculty` */

insert  into `faculty`(`id`,`name_full`,`name_short`,`vk_id`,`university_id`,`is_demo`) values 
(-2,'Факультет захвата Железного трона','',-2,-2,1),
(-1,'Факультет прикладных наук','',-1,-1,1),
(0,'Не выбран','',0,0,0),
(81,'Автоматизации и информатики (до 2008)','',2196,2,0),
(82,'Конструкторский (до 2008)','',3147,2,0),
(83,'Международный','',3148,2,0),
(84,'Гуманитарный (до 2008)','',16180,2,0),
(85,'Технологии машиностроения (до 2008)','',28178,2,0),
(86,'Приборостроения и технического регулирования','',797863,2,0),
(87,'Машин и оборудования агропромышленного комплекса','',797864,2,0),
(88,'Транспорта, сервиса и эксплуатации','',797865,2,0),
(89,'Нанотехнологий и композиционных материалов','',797866,2,0),
(90,'Технологии машиностроения (с 2008)','',797867,2,0),
(91,'Безопасности жизнедеятельности и инженерной экологии','',797868,2,0),
(92,'Машиностроительных технологий и оборудования','',797869,2,0),
(93,'Автоматизации, мехатроники и управления','',797870,2,0),
(94,'Информатики и вычислительной техники','',797871,2,0),
(95,'Социально-гуманитарный','',797872,2,0),
(96,'Инновационного бизнеса и менеджмента','',797873,2,0),
(97,'Медиакоммуникаций и мультимедийных технологий','',2150935,2,0),
(98,'Физической культуры, спорта и туризма','',2162616,2,0),
(99,'Права, сервиса и туризма','',2169974,2,0),
(100,'Авиастроения','',2185193,2,0),
(101,'Факультет «Управление процессами перевозок»','',2699,9,0),
(102,'Электромеханический факультет','',6114,9,0),
(103,'Гуманитарный факультет','',6612,9,0),
(104,'Факультет «Экономика, управление и право» (бывш. Международный институт предпринимательства и права)','',9211,9,0),
(105,'Факультет «Дорожно-строительные машины»','',10092,9,0),
(106,'Строительный факультет','',12303,9,0),
(107,'Энергетический факультет','',17935,9,0),
(108,'Заочный факультет','',25402,9,0),
(109,'Факультет «Информационные технологии управления» (Автоматика, телемеханика и связь на ж.-д.транспорте)','',38850,9,0),
(110,'Вечерний факультет','',38851,9,0),
(111,'Факультет военного обучения','',2195117,9,0),
(112,'Институт промышленного и гражданского строительства','',6022,8,0),
(113,'Дорожно-транспортный институт','',10593,8,0),
(114,'Институт информационно-экономических систем (бывш. Институт экономики и управления, Институт информационных систем и технологий)','',13252,8,0),
(115,'Инженерно-строительный институт (бывш. Институт инженерно-экологических систем, Институт строительных технологий и материалов)','',15019,8,0),
(116,'Институт подготовки и переподготовки специалистов','',38846,8,0),
(117,'Институт градостроительства и архитектуры','',2153646,8,0),
(118,'Юридический факультет','',4254,10,0),
(119,'Факультет компьютерных технологий и информационной безопасности','',7263,10,0),
(120,'Факультет лингвистики и журналистики','',25514,10,0),
(121,'Факультет менеджмента и предпринимательства','',2159624,10,0),
(122,'Факультет торгового дела','',2159625,10,0),
(123,'Факультет экономики и финансов','',2159628,10,0),
(124,'Учетно-экономический факультет','',2159631,10,0),
(125,'Институт магистратуры','',2185792,10,0),
(126,'Академия управления','',2150858,15,0),
(127,'Академия экономики и бизнеса','',2150859,15,0),
(128,'Академия права и национальной безопасности','',2150860,15,0),
(129,'Академия международных образовательных программ','',2150861,15,0),
(130,'Институт математики, механики и компьютерных наук (бывш. Механико-математический)','',2132,1,0),
(131,'Академия биологии и биотехнологии (бывш. Биологических наук)','',3134,1,0),
(132,'Институт высоких технологий и пьезотехники','',3135,1,0),
(133,'Институт наук о Земле (бывш. Геолого-географический)','',3136,1,0),
(134,'Институт истории и международных отношений (бывш. Исторический)','',3137,1,0),
(135,'Академия психологии и педагогики (бывш. Академия педагогического образования, Факультет психологии, Факультет педагогики и практической психологии)','',3138,1,0),
(136,'Институт философии и социально-политических наук (бывш. Философии и культурологии)','',3142,1,0),
(137,'Химический  факультет','',3143,1,0),
(138,'Юридический факультет','',3144,1,0),
(139,'Факультет технологии, изобразительного искусства и профессионального образования','',4867,1,0),
(140,'Физический факультет','',7891,1,0),
(141,'Институт филологии, журналистики и межкультурной коммуникации (бывш. Филологии и журналистики, Лингвистики и словесности)','',8738,1,0),
(142,'Факультет изобразительного искусства','',10711,1,0),
(143,'Экономический факультет','',10912,1,0),
(144,'Факультет экономики, управления и права','',12816,1,0),
(145,'Академия физической культуры и спорта','',24990,1,0),
(146,'Факультет социально-исторического образования','',25271,1,0),
(147,'Факультет повышения квалификации и профессиональной переподготовки работников образования','',38818,1,0),
(148,'Факультет естественнонаучного и математического образования','',38824,1,0),
(149,'Факультет военного обучения','',38912,1,0),
(150,'Высшая школа бизнеса (бывш. Институт экономики и внешнеэкономических связей)','',38914,1,0),
(151,'Институт права и управления','',38915,1,0),
(152,'Институт переподготовки и повышения квалификации','',38916,1,0),
(153,'Независимый российско-германский институт журналистики (бывш. Свободный российско-германский институт публицистики)','',1211947,1,0),
(154,'НИИ механики и прикладной математики','',1826259,1,0),
(155,'Северо-Кавказский НИИ экономических и социальных проблем','',2125163,1,0),
(156,'Северо-Кавказский научный центр высшей школы','',2152247,1,0),
(157,'Институт социологии и регионоведения','',2174705,1,0),
(158,'Факультет управления','',2177014,1,0),
(159,'Институт психологии, управления и бизнеса','',2179129,1,0),
(160,'Академия архитектуры и искусств','',2219357,1,0),
(161,'Энергетики и систем коммуникаций','',2090947,3,0),
(162,'Управления и предпринимательства','',2090948,3,0),
(163,'Нефтегазопромышленный','',2140000,3,0),
(164,'Юридический','',34905,6,0),
(165,'Педиатрический факультет','',5596,57,0),
(166,'Лечебно-профилактический факультет','',12343,57,0),
(167,'Медико-биологический факультет','',18104,57,0),
(168,'Международный центр теоретической медицины','',38814,57,0),
(169,'Психолого-социальный факультет','',38815,57,0),
(170,'Стоматологический факультет','',1041675,57,0),
(171,'Факультет высшего сестринского образования','',1041677,57,0),
(172,'Фармацевтический факультет','',1041678,57,0),
(173,'Факультет повышения квалификации и профессиональной переподготовки специалистов','',1041679,57,0),
(174,'Учебный военный центр','',1211976,57,0),
(175,'Медико-профилактический факультет','',1516177,57,0),
(176,'Факультет послевузовского профессионального образования','',2223082,57,0),
(177,'Факультет архитектуры и искусства','',38798,4,0),
(178,'Факультет дизайна','',417728,4,0),
(179,'Факультет подготовки специалистов по программам высшего образования (Юридический)','',26503,11,0),
(180,'Факультет профессиональной подготовки, переподготовки и повышения квалификации','',1593727,11,0),
(181,'Факультет заочного обучения','',1593728,11,0),
(182,'Фортепианный факультет','',25096,5,0),
(183,'Оркестровый факультет','',30434,5,0),
(184,'Факультет эстрадно-джазовой музыки','',38808,5,0),
(185,'Факультет дирижирования, вокального искусства, музыковедения и композиции','',38811,5,0),
(186,'Юридический','',52801,12,0),
(187,'Экономики','',52802,12,0),
(188,'Управления','',2147544,12,0),
(189,'Политологии','',2147547,12,0),
(190,'Переподготовки кадров','',2147548,12,0),
(191,'Психология','',31220,13,0),
(192,'Юридический','',57485,13,0),
(193,'Управление и информационные технологии','',59562,13,0),
(194,'Менеджмент','',60552,13,0),
(195,'Филология','',65240,13,0),
(196,'Финансы и кредит','',98375,13,0),
(197,'Экономический','',98382,13,0),
(198,'Менеджмент','',43043,14,0),
(199,'Мировая экономика','',139703,14,0),
(200,'Государственное и муниципальное управление','',152736,14,0),
(201,'Экономика','',305761,14,0),
(202,'Факультет практической психологии','',13746,16,0),
(203,'Факультет дизайна','',14524,16,0),
(204,'Факультет экономики','',14885,16,0),
(205,'Факультет рекламы и связи с общественностью','',17819,16,0),
(206,'Факультет юриспруденции','',29599,16,0),
(207,'Факультет философии','',38886,16,0),
(208,'Технология рыбы и рыбных производств','',22047,17,0),
(209,'Кафедра бухгалтерского учёта и финансов','',38764,17,0),
(210,'Кафедра экономики и корпоративного управления','',38765,17,0),
(211,'Кафедра математики, физики и информационных технологий','',38766,17,0),
(212,'Кафедра пищевых технологий и оборудования','',38771,17,0),
(213,'Кафедра технологий и товароведения','',38776,17,0),
(214,'Кафедра водные биоресурсы и аквакультура','',38778,17,0),
(215,'Кафедра химии и биологии','',2191662,17,0),
(216,'Факультет подготовки специалистов для судебной системы (Юридический)','',8096,18,0),
(217,'Факультет непрерывного образования по подготовке специалистов для судебной системы','',38783,18,0),
(218,'Факультет повышения квалификации и переподготовки судей, государственных гражданских служащих судов и Судебного департамента (ФПК судей и госслужащих судов)','',2200956,18,0),
(219,'Энергетический (ЭФ)','',8363,19,0),
(220,'Информационных технологий и управления (ФИТУ)','',9252,19,0),
(221,'Механический (МФ)','',29773,19,0),
(222,'Гуманитарного и социально-экономического образования (ФГиСЭО)','',31368,19,0),
(223,'Электромеханики, мехатроники технологических машин (ФЭМТМ)','',33264,19,0),
(224,'Открытого и дистанционного обучения (ФОиДО)','',38887,19,0),
(225,'Горно-геологический (ГГФ)','',38890,19,0),
(226,'Физико-математический (ФМФ)','',38891,19,0),
(227,'Химико-технологический (ХТФ)','',38897,19,0),
(228,'Строительный (СФ)','',38899,19,0),
(229,'Военного обучения (ФВО)','',38900,19,0),
(230,' Факультет таможенного дела','',9311,20,0),
(231,'Юридический факультет','',10361,20,0),
(232,'Экономический факультет','',24469,20,0),
(233,'Факультет повышения квалификации','',307810,20,0),
(234,'Очный факультет','',2166066,21,0),
(235,'Заочный факультет','',2166067,21,0),
(236,'Факультет инфокоммуникаций','',2231512,21,0),
(237,'Иностранных языков','',10778,22,0),
(238,'Факультет экономики и управления (Экономический, Менеджмент)','',13313,24,0),
(239,'Юридический факультет','',14041,24,0),
(240,'Информатика и ВТ','',11312,23,0),
(241,'Экономика','',44581,23,0),
(242,'Юриспруденция','',49446,23,0),
(243,'Психология','',59208,23,0),
(244,'Менеджмент','',72312,23,0),
(245,'Экономический','',27526,25,0),
(246,'Общеинженерный','',38700,25,0),
(247,'Кораблестроительный','',38702,25,0),
(248,'Судоводительский','',38704,25,0),
(249,'Электромеханический','',38705,25,0),
(250,'Юридический','',38706,25,0),
(251,'Заочный','',38707,25,0),
(252,'Психология','',27768,26,0),
(253,'Специальная дошкольная педагогика и психология','',38883,26,0),
(254,'Механико-технологический факультет','',14465,27,0),
(255,'Социально-гуманитарный факультет','',37938,27,0),
(256,'Финансово-экономический факультет','',38902,27,0),
(257,'Экономический факультет','',31668,28,0),
(258,'Агрономический факультет','',38718,28,0),
(259,'Факультет ветеринарной медицины','',38719,28,0),
(260,'Биотехнологический факультет (бывш. Биотехнологии, товароведения и экспертизы товаров, Технологии сельскохозяйственного производства)','',38721,28,0),
(261,'Педагогический факультет','',38722,28,0),
(262,'Факультет заочного обучения','',38723,28,0),
(263,'Факультет дополнительного профессионального образования и повышения квалификации','',38724,28,0),
(264,'Экономический факультет','',36815,30,0),
(265,'Юридический факультет','',38866,30,0),
(266,'Кафедра иностранных языков','',38726,31,0),
(267,'Кафедра информатики и математики (Информационно-правовых технологий и естественнонаучных дисциплин)','',38727,31,0),
(268,'Кафедра теории и истории государства и права','',38728,31,0),
(269,'Кафедра конституционного (государственного) права','',38730,31,0),
(270,'Кафедра гражданского права и гражданского процесса','',38731,31,0),
(271,'Кафедра уголовного права и уголовного процесса','',38732,31,0),
(272,'Кафедра социально-гуманитарных и экономических дисциплин','',38735,31,0),
(273,'Социально-культурная деятельность','',146327,32,0),
(274,'Библиотечно-информационная деятельность','',146329,32,0),
(275,'Актерского мастерства ','',2127331,32,0),
(276,'Юридический факультет','',158758,33,0),
(277,'Бухгалтерский учет, анализ и аудит','',177457,34,0),
(278,'Коммерция','',177458,34,0),
(279,'Менеджмент организации','',177459,34,0),
(280,'Экономика и управление на предприятии','',177461,34,0),
(281,'Юриспруденция','',177463,34,0),
(282,'Финансов и кредита','',2102462,34,0),
(283,'Экономика ','',181047,35,0),
(284,'Менеджмент','',181049,35,0),
(285,'Прикладная информатика','',801761,35,0),
(286,'Юриспруденция','',2198555,35,0),
(287,'Кафедра экономики и управления','',256906,37,0),
(288,'Кафедра менеджмента и управления в социотехнических системах','',256907,37,0),
(289,'Кафедра иностранных языков','',256908,37,0),
(290,'Кафедра философии, социологии и психологии','',256909,37,0),
(291,'Кафедра математических и естественнонаучных дисциплин','',256911,37,0),
(292,'Кафедра экономической безопасности','',2223083,37,0),
(293,'Кафедра гуманитарных, социальных и правовых дисциплин','',2223084,37,0),
(294,'Бухгалтерского учета и статистики','',267637,38,0),
(295,'Информационных систем и защиты информации','',267640,38,0),
(296,'Менеджмента','',267641,38,0),
(297,'Таможенного дела','',267642,38,0),
(298,'Технологический','',267643,38,0),
(299,'Товароведно-коммерческий','',267644,38,0),
(300,'Финансовый','',267645,38,0),
(301,'Экономический','',267646,38,0),
(302,'Юридический','',267647,38,0),
(303,'Судомеханический','',1014254,39,0),
(304,'Судоводительский','',1014255,39,0),
(305,'Электромеханический','',1014256,39,0),
(306,'Заочного и дополнительного образования','',1014257,39,0),
(307,'Эксплуатация судовых энергетических установок','',311662,40,0),
(308,'Организация перевозок и управление на транспорте','',311663,40,0),
(309,'Судовождения','',311664,40,0),
(310,'Управление водным транспортом и гидрографическое обеспечение судоходства','',2153223,40,0),
(311,'Технология транспортных процессов','',2157299,40,0),
(312,'Прикладная информатика в экономике','',348603,41,0),
(313,'Менеджмент организации','',348604,41,0),
(314,'Бухгалтерский учет, анализ и аудит','',348605,41,0),
(315,'Финансы и кредит','',2200919,41,0),
(316,'Физическая культура и спорт','',434148,42,0),
(317,'Адаптивная физическая культура','',434149,42,0),
(318,'Прикладная информатика','',849108,44,0),
(319,'Дефектологический','',540257,43,0),
(320,'Специальной психологии и основ клинической медицины','',540258,43,0),
(321,'Юриспруденция','',2200960,45,0),
(322,'Экономика','',2200961,45,0),
(323,'Менеджмент','',2200962,45,0),
(324,'Метеорологический','',2200958,46,0),
(325,'Гидрологический','',2200959,46,0),
(326,'Экономический факультет','',1192660,47,0),
(327,'Юридический факультет','',1192661,47,0),
(328,'Богословско-пастырское отделение','',2150050,49,0),
(329,'Регентско-певческое отделение','',2150051,49,0),
(330,'Иконописное отделение','',2223075,49,0),
(331,'Театральная и аудиовизуальная техника','',2157959,50,0),
(332,'Аудиовизуальная техника и звукотехническое обеспечение аудиовизуальных программ','',2157960,50,0),
(333,'Экономика и бухгалтерский учет','',2157961,50,0),
(334,'Менеджмент','',2157962,50,0),
(335,'Продюсерство','',2191660,50,0),
(336,'Режиссура кино и телевидения','',2200918,50,0),
(337,'Факультет инженеров морского транспорта','',2159739,51,0),
(338,'Управление заочного обучения','',2200920,51,0),
(339,'Менеджмент','',2200948,52,0),
(340,'Товароведение','',2200949,52,0),
(341,'Юриспруденция','',2200953,52,0),
(342,'Экономика','',2200954,52,0),
(343,'Торговое дело','',2200955,52,0),
(344,'Институт педагогики и психологии (бывш. Педагогический, Психологический)','',2213671,53,0),
(345,'Институт физической культуры','',2213672,53,0),
(346,'Лингвистический институт (бывш. Филологический, Иностранных языков)','',2213673,53,0),
(347,'Институт экономики, управления и права','',2213674,53,0),
(348,'Математики, информатики и физики','',2213675,53,0),
(349,'Естествознания','',2213676,53,0),
(350,'Технологии и предпринимательства (бывш. Индустриально-педагогический)','',2213677,53,0),
(351,'Исторический','',2213678,53,0),
(352,'Художественно-графический','',2213679,53,0),
(353,'Переподготовки и повышения квалификации руководящих работников образования','',2213680,53,0),
(354,'Факультет «Авиастроение»','',2218148,54,0),
(355,'Факультет «Автоматизация, мехатроника и управление»','',2218149,54,0),
(356,'Агропромышленный факультет','',2218150,54,0),
(357,'Факультет «Безопасность жизнедеятельности и инженерная экология»','',2218151,54,0),
(358,'Дорожно-транспортный факультет','',2218152,54,0),
(359,'Инженерно-строительный факультет','',2218153,54,0),
(360,'Факультет «Инновационный бизнес и менеджмент»','',2218154,54,0),
(361,'Факультет «Информатика и вычислительная техника»','',2218155,54,0),
(362,'Факультет «Информационно-экономические системы»','',2218156,54,0),
(363,'Факультет «Машиностроительные технологии и оборудование»','',2218157,54,0),
(364,'Факультет «Медиакоммуникации и мультимедийные технологии»','',2218158,54,0),
(365,'Международный факультет','',2218159,54,0),
(366,'Нефтегазопромышленный факультет','',2218160,54,0),
(367,'Факультет «Право, сервис и туризм»','',2218161,54,0),
(368,'Факультет «Приборостроение и техническое регулирование»','',2218162,54,0),
(369,'Социально-гуманитарный факультет','',2218163,54,0),
(370,'Факультет «Технология машиностроения»','',2218164,54,0),
(371,'Факультет «Транспорт, сервис и эксплуатация»','',2218165,54,0),
(372,'Факультет «Управление и предпринимательство»','',2218166,54,0),
(373,'Факультет «Физическая культура, спорт и туризм»','',2218167,54,0),
(374,'Факультет «Энергетика и системы коммуникаций»','',2218168,54,0),
(375,'Факультет «Юридический»','',2221372,54,0),
(376,'Факультет «Школа архитектуры, дизайна и искусств»','',2221373,54,0),
(377,'Факультет «Психология, педагогика и дефектология»','',2226744,54,0),
(378,'№3 Радиотехнических средств и метрологии','',23889,56,0),
(379,'№2 Системы управления летательных аппаратов','',34786,56,0),
(380,'№1 Стартовые и технические комплексы ракет и космических аппаратов','',38787,56,0),
(381,'№4 Автоматизированные системы управления','',38789,56,0),
(382,'№5','',38791,56,0),
(383,'Политфак','',38792,56,0),
(384,'Кафедра воздушных судов и авиационных двигателей','',185243,36,0),
(385,'Кафедра авиационных электросистем и пилотажно-навигационных комплексов','',185245,36,0),
(386,'Кафедра авиационного электрорадиоприборного оборудования','',185247,36,0),
(387,'Кафедра социально-экономических дисциплин','',185248,36,0);

/*Table structure for table `flat` */

DROP TABLE IF EXISTS `flat`;

CREATE TABLE `flat` (
  `id` int(11) NOT NULL AUTO_INCREMENT,
  `description` varchar(200) DEFAULT NULL,
  `address` varchar(200) NOT NULL,
  `square` varchar(50) NOT NULL,
  `room_num` int(11) NOT NULL,
  `traffic` varchar(300) NOT NULL,
  `rent_pay` int(11) NOT NULL,
  `total_pay` int(11) NOT NULL,
  `enter_date` date NOT NULL,
  `is_demo` tinyint(1) NOT NULL DEFAULT '0',
  PRIMARY KEY (`id`)
) ENGINE=InnoDB AUTO_INCREMENT=37 DEFAULT CHARSET=utf8;

/*Data for the table `flat` */

insert  into `flat`(`id`,`description`,`address`,`square`,`room_num`,`traffic`,`rent_pay`,`total_pay`,`enter_date`,`is_demo`) values 
(21,'Описание','Адрес','400 м2',20,'транспорт',3000,6000,'2017-12-11',1),
(25,'описание1','адрес1','площадь1',2,'транспорт1',1000,2000,'0000-00-00',1),
(26,'описание2','адрес2','площадь2',2,'транспорт2',1500,3000,'0000-00-00',1),
(31,'описание','адрес','56 кв. м.',3,'94, 96',3000,6000,'2017-12-09',1),
(32,'описание','адрес','56кв.м.',3,'94, 96',3000,6000,'2017-12-09',1),
(33,'описание','адрес','56 кв. м.',3,'94, 96',3000,6000,'2017-12-09',1),
(34,'самая уютная квартира на свете1','адрес','25 кв',1,'94, 96 автобус',3000,6000,'2020-12-20',1),
(35,'описание вартиры','адрес квартиры','2222',1,'нет',111,111,'2017-12-20',0),
(36,'описание1','адрес1','3000 м1',101,'нет1',5001,10001,'2021-12-20',0);

/*Table structure for table `flat_utility` */

DROP TABLE IF EXISTS `flat_utility`;

CREATE TABLE `flat_utility` (
  `id` int(11) NOT NULL AUTO_INCREMENT,
  `flat_id` int(11) NOT NULL,
  `utility_id` int(11) NOT NULL,
  PRIMARY KEY (`id`)
) ENGINE=InnoDB AUTO_INCREMENT=54 DEFAULT CHARSET=utf8;

/*Data for the table `flat_utility` */

insert  into `flat_utility`(`id`,`flat_id`,`utility_id`) values 
(4,34,1),
(5,34,1),
(6,34,5),
(7,34,1),
(8,34,5),
(18,21,1),
(19,21,4),
(20,21,1),
(21,21,4),
(22,34,1),
(23,34,5),
(24,34,1),
(25,34,5),
(26,34,1),
(27,34,5),
(28,21,1),
(29,21,4),
(30,21,1),
(31,21,4),
(32,34,1),
(33,34,5),
(34,21,1),
(35,21,4),
(36,34,1),
(37,34,5),
(38,34,1),
(39,34,5),
(40,34,1),
(41,34,5),
(42,34,1),
(43,34,5),
(44,34,1),
(45,34,5),
(46,36,1),
(47,36,1),
(48,36,2),
(49,36,1),
(50,36,2),
(51,34,1),
(52,34,3),
(53,34,5);

/*Table structure for table `photo` */

DROP TABLE IF EXISTS `photo`;

CREATE TABLE `photo` (
  `id` int(11) NOT NULL AUTO_INCREMENT,
  `src_small` varchar(200) DEFAULT NULL,
  `src_orig` varchar(200) NOT NULL,
  `filename_small` varchar(100) DEFAULT NULL,
  `filename_orig` varchar(100) NOT NULL,
  `width_small` int(11) DEFAULT NULL,
  `height_small` int(11) DEFAULT NULL,
  `width_orig` int(11) NOT NULL,
  `height_orig` int(11) NOT NULL,
  `flat_id` int(11) DEFAULT NULL,
  `date_created` datetime NOT NULL,
  `date_updated` datetime NOT NULL,
  `temporary_user_id` int(11) DEFAULT NULL,
  PRIMARY KEY (`id`)
) ENGINE=InnoDB AUTO_INCREMENT=34 DEFAULT CHARSET=utf8;

/*Data for the table `photo` */

insert  into `photo`(`id`,`src_small`,`src_orig`,`filename_small`,`filename_orig`,`width_small`,`height_small`,`width_orig`,`height_orig`,`flat_id`,`date_created`,`date_updated`,`temporary_user_id`) values 
(12,'/images/uploads/user_19/1512847436518.jpg','/images/uploads/user_19/1512847436518.jpg','1512847436518.jpg','1512847436518.jpg',1412,1438,1412,1438,0,'2017-12-09 22:23:56','2017-12-09 22:23:56',NULL),
(13,'/images/uploads/user_19/1512848039926.jpg','/images/uploads/user_19/1512848039926.jpg','1512848039926.jpg','1512848039926.jpg',822,800,822,800,0,'2017-12-09 22:33:59','2017-12-09 22:33:59',NULL),
(14,'/images/uploads/user_19/1512848071858.jpg','/images/uploads/user_19/1512848071858.jpg','1512848071858.jpg','1512848071858.jpg',822,800,822,800,0,'2017-12-09 22:34:31','2017-12-09 22:34:31',NULL),
(20,'/images/uploads/user_19/1512941196664.jpg','/images/uploads/user_19/1512941196664.jpg','1512941196664.jpg','1512941196664.jpg',275,183,275,183,21,'2017-12-11 00:26:36','2017-12-11 00:26:36',NULL),
(21,'/images/uploads/user_19/1512986131106.jpg','/images/uploads/user_19/1512986131106.jpg','1512986131106.jpg','1512986131106.jpg',620,413,620,413,34,'2017-12-11 12:55:31','2017-12-11 12:55:31',NULL),
(22,'/images/uploads/user_19/1513341271142.jpg','/images/uploads/user_19/1513341271142.jpg','1513341271142.jpg','1513341271142.jpg',1366,768,1366,768,34,'2017-12-15 15:34:31','2017-12-15 15:34:31',NULL),
(23,'/images/uploads/user_27/1513773343164.jpg','/images/uploads/user_27/1513773343164.jpg','1513773343164.jpg','1513773343164.jpg',1000,749,1000,749,NULL,'2017-12-20 15:35:43','2017-12-20 15:35:43',NULL),
(24,'/images/uploads/user_27/1513773683124.jpg','/images/uploads/user_27/1513773683124.jpg','1513773683124.jpg','1513773683124.jpg',3264,1836,3264,1836,NULL,'2017-12-20 15:41:23','2017-12-20 15:41:23',NULL),
(25,'/images/uploads/user_27/1513773879384.jpg','/images/uploads/user_27/1513773879384.jpg','1513773879384.jpg','1513773879384.jpg',1365,2048,1365,2048,NULL,'2017-12-20 15:44:39','2017-12-20 15:44:39',NULL),
(26,'/images/uploads/user_27/1513774194385.JPG','/images/uploads/user_27/1513774194385.JPG','1513774194385.JPG','1513774194385.JPG',1632,1224,1632,1224,36,'2017-12-20 15:49:54','2017-12-20 15:49:54',NULL),
(27,'/images/uploads/user_27/1513774379170.JPG','/images/uploads/user_27/1513774379170.JPG','1513774379170.JPG','1513774379170.JPG',1632,1224,1632,1224,36,'2017-12-20 15:52:59','2017-12-20 15:52:59',NULL),
(28,'/images/uploads/user_19/1513848264725.jpg','/images/uploads/user_19/1513848264725.jpg','1513848264725.jpg','1513848264725.jpg',1366,768,1366,768,34,'2017-12-21 12:24:24','2017-12-21 12:24:24',NULL),
(29,'/images/uploads/user_19/1513848269273.jpg','/images/uploads/user_19/1513848269273.jpg','1513848269273.jpg','1513848269273.jpg',1920,1440,1920,1440,34,'2017-12-21 12:24:29','2017-12-21 12:24:29',NULL),
(30,'/images/uploads/user_19/1513848271869.jpg','/images/uploads/user_19/1513848271869.jpg','1513848271869.jpg','1513848271869.jpg',1920,1080,1920,1080,34,'2017-12-21 12:24:31','2017-12-21 12:24:31',NULL),
(31,'/images/uploads/user_19/1513848274258.jpg','/images/uploads/user_19/1513848274258.jpg','1513848274258.jpg','1513848274258.jpg',1920,1200,1920,1200,34,'2017-12-21 12:24:34','2017-12-21 12:24:34',NULL),
(32,'/images/uploads/user_19/1513848277110.jpg','/images/uploads/user_19/1513848277110.jpg','1513848277110.jpg','1513848277110.jpg',1366,768,1366,768,34,'2017-12-21 12:24:37','2017-12-21 12:24:37',NULL),
(33,'/images/uploads/user_19/1513848279679.jpg','/images/uploads/user_19/1513848279679.jpg','1513848279679.jpg','1513848279679.jpg',1920,1200,1920,1200,34,'2017-12-21 12:24:39','2017-12-21 12:24:39',NULL);

/*Table structure for table `post` */

DROP TABLE IF EXISTS `post`;

CREATE TABLE `post` (
  `id` int(11) NOT NULL AUTO_INCREMENT,
  `type` enum('find-flat','find-roommate') NOT NULL,
  `enter_date` varchar(50) DEFAULT NULL,
  `date_created` datetime NOT NULL,
  `date_updated` datetime NOT NULL,
  `user_sex` enum('мужской','женский','не важно') DEFAULT NULL,
  `user_activity` enum('интроверт','экстраверт','не важно') DEFAULT NULL,
  `user_badhabbits` enum('курение','алкоголь','алкоголь и курение','нет','не важно') DEFAULT NULL,
  `user_pets` enum('небольшие только','не важно','обожаю живность') DEFAULT NULL,
  `user_id` int(11) NOT NULL,
  `flat_internet` tinyint(1) DEFAULT NULL,
  `flat_microwave` tinyint(1) DEFAULT NULL,
  `flat_room_num` int(11) DEFAULT NULL,
  `flat_total_pay` int(11) DEFAULT NULL,
  `flat_square` int(11) DEFAULT NULL,
  `flat_conditioner` tinyint(1) DEFAULT NULL,
  `flat_coffee` tinyint(1) DEFAULT NULL,
  `user_age_range` enum('18-25','18-30','не важно') DEFAULT NULL,
  `user_university` varchar(200) DEFAULT NULL,
  `user_car` tinyint(1) DEFAULT NULL,
  `user_success` enum('не важно','хорошист','отличник') DEFAULT NULL,
  `rent_pay` int(11) DEFAULT NULL,
  `flat_parking` tinyint(1) DEFAULT NULL,
  PRIMARY KEY (`id`)
) ENGINE=InnoDB DEFAULT CHARSET=utf8;

/*Data for the table `post` */

/*Table structure for table `priority` */

DROP TABLE IF EXISTS `priority`;

CREATE TABLE `priority` (
  `id` int(11) NOT NULL AUTO_INCREMENT,
  `display_name_full` varchar(150) NOT NULL,
  `display_name_short` varchar(75) NOT NULL,
  `display_order` int(11) NOT NULL,
  PRIMARY KEY (`id`)
) ENGINE=InnoDB AUTO_INCREMENT=10 DEFAULT CHARSET=utf8;

/*Data for the table `priority` */

insert  into `priority`(`id`,`display_name_full`,`display_name_short`,`display_order`) values 
(1,'С кем вы хотите снимать квартиру?','С кем вы хотите снимать квартиру?',1),
(2,'Важен ли возраст вашего соседа по комнате?','Важен ли возраст?',2),
(3,'Социальная активность румейта?','Социальная активность',3),
(4,'Вредные привычки?','Вредные привычки?',4),
(5,'Домашние животные?','Домашние животные?',5),
(6,'Наличие машины?','Наличие машины?',6),
(7,'Нужен сосед с определнного ВУЗа?','Нужен сосед с определнного ВУЗа?',7),
(8,'Желаемый уровень успеваемости соседа?','Успеваемость?',8),
(9,'Важна ли чистота и порядок?','Чистота и порядок?',9);

/*Table structure for table `priority_option` */

DROP TABLE IF EXISTS `priority_option`;

CREATE TABLE `priority_option` (
  `id` int(11) NOT NULL AUTO_INCREMENT,
  `name` varchar(100) NOT NULL,
  `priority_id` int(11) NOT NULL,
  `default` tinyint(1) NOT NULL DEFAULT '0',
  PRIMARY KEY (`id`),
  KEY `character_fk` (`priority_id`)
) ENGINE=InnoDB AUTO_INCREMENT=30 DEFAULT CHARSET=utf8;

/*Data for the table `priority_option` */

insert  into `priority_option`(`id`,`name`,`priority_id`,`default`) values 
(1,'Не важно с кем',1,1),
(2,'Только с девушками',1,0),
(3,'Только с парнями',1,0),
(4,'Не важен',2,1),
(5,'18-25',2,0),
(6,'18-30',2,0),
(7,'Не важна',3,1),
(8,'Интроверт',3,0),
(9,'Экстраверт',3,0),
(10,'Не важно',4,1),
(11,'Курит',4,0),
(12,'Курит и пьет',4,0),
(13,'Не курит и не пьет',4,0),
(14,'Не важно',5,1),
(15,'Небольшие только',5,0),
(16,'Обожаю живность',5,0),
(17,'Не важно',6,1),
(18,'Есть',6,0),
(19,'Нет',6,0),
(20,'Не важно',7,1),
(21,'РИНХ',7,0),
(22,'ЮФУ',7,0),
(23,'ДГТУ',7,0),
(24,'Не важна',8,1),
(25,'Отличник',8,0),
(26,'Хорошист',8,0),
(27,'Не важно',9,1),
(28,'Важно',9,0),
(29,'Люблю когда грязно',9,0);

/*Table structure for table `roommate_request` */

DROP TABLE IF EXISTS `roommate_request`;

CREATE TABLE `roommate_request` (
  `id` int(11) NOT NULL AUTO_INCREMENT,
  `from_user_id` int(11) NOT NULL,
  `to_user_id` int(11) NOT NULL,
  `status` enum('pending','accepted','declined') NOT NULL,
  `is_viewed` tinyint(1) NOT NULL DEFAULT '0',
  `date_created` datetime NOT NULL,
  `date_updated` datetime NOT NULL,
  PRIMARY KEY (`id`)
) ENGINE=InnoDB AUTO_INCREMENT=3 DEFAULT CHARSET=utf8;

/*Data for the table `roommate_request` */

insert  into `roommate_request`(`id`,`from_user_id`,`to_user_id`,`status`,`is_viewed`,`date_created`,`date_updated`) values 
(1,19,1,'pending',0,'2017-12-14 16:02:35','2017-12-14 16:02:40'),
(2,2,19,'declined',0,'2017-12-14 16:02:56','2017-12-14 16:02:59');

/*Table structure for table `session` */

DROP TABLE IF EXISTS `session`;

CREATE TABLE `session` (
  `token` varchar(32) NOT NULL,
  `user_id` int(11) NOT NULL,
  PRIMARY KEY (`token`)
) ENGINE=InnoDB DEFAULT CHARSET=utf8;

/*Data for the table `session` */

insert  into `session`(`token`,`user_id`) values 
('1GyL2c0rAa5IZdykztcNdmk3rdUQzZXR',22),
('2EmvTZzGX2ZNAj0aisKvf9jttCtqjWxG',19),
('3lBbNjLMS1af0rCRZQmBlmbjkJ6frADX',19),
('3xZHxswH8ivFWEwXWw2dfpff8pTymWc2',26),
('43A76k6nBxhqU6lElpdZWqbgBDevuEJq',19),
('4L1D9VQ0G5PqpFz1zFzEUic1HI8fcsQc',19),
('5ks0a5KbUyV0BRl25OBzHmfYduRvyY1n',19),
('5nLwp9QXuUG0hC1EYxxp7ZcNXpbM0lIb',19),
('6CPviuGpFhEjGOCZOjOaevYiVNRQpLqM',27),
('6iKXqk26QVpc9nAgIcyqckOyfca1n4b5',19),
('6WSrrtUEwEGy8nn76L5hAD8VWqt5IiDQ',25),
('7aZHJdP7Z0rOHRfbd9kSrkLBflDZTpAY',23),
('8e003ONulyQqPQMgMYu5VegZnUA798uJ',19),
('8mAJp3bky4NvyhQ836yatwhdvVwDDmC2',26),
('8oLNys549HoKjOxO4ce8Bi0cvllAKAD9',19),
('9PNik0R4BQ0WJbCymKAFt1LJzEDm7CSv',19),
('akO46a2QBKwAdKRWGNmjFdxtKb3DkOhf',19),
('b5ynMLqozFBCfzKQyZqA1DG6YRaN7pRD',19),
('bgLbzQWSw5vp8y52vRcoaOhdIehtGOF3',27),
('bW0eqGs4tLxpqyJG6O1VQZibSOo9ZqFJ',19),
('cQGhDKdL72rjd40ZFy3mdQgGlGdZT4AZ',25),
('cywZRjXknHQw7uxmBDb00s7zwAz9g9nm',19),
('dh1h94X8I6yTWEWSCK2pY7wdLIxiryK8',19),
('dhlANT8xnRAvfLXi62m4NGA2J2N8tWli',19),
('DunqOSkhpHvQQ9yiQWR999f8nsmzOYmv',19),
('DxEcMJ2LTzokeedB6L6iKf2QEj05onpC',19),
('e7AKEezvzHCBU9f5LLGPlrAv7L6EpExj',21),
('euVclGh1pwJXkbhMTz6ccFAVX74HYVRQ',19),
('FmtjnUcWW1361e02PEpmtntfIF76vw9a',19),
('HoGZqUlufsBE4IOBnCKEpa4ZcFQD8jfg',19),
('icukQt16qfjCy9RXXLtFF89VauGsIrWQ',20),
('iTru9HBhlwevsN7no9NBl1pLj008dD1a',19),
('J2tqo6gw6B0tER32TxyzV0syIlBWRIWB',19),
('jhSVABQyFVfa4kygnnVhz9yEGGGcVikB',19),
('JI7yrJ3f97nOaMG0khXltnpvjrsbS5Rx',22),
('Jj0Z7iycahI68Q0IgNb5G7TOh0WtYdyp',22),
('jx0J6obYtppmby2eGg3FE9QfD9LqfJvJ',19),
('jZIdojGh8dqvRefa6G36Teg9Jq3xm6Xu',19),
('LnR2hWzfQ0rmnJTRBiPfsIc0bk71LakS',19),
('OKLLwAb79V5d3fkxe0o56DgPQ5lDjSaz',19),
('ozGDPOoTjG9JhUTcULoxzmrEbj00QPZ4',19),
('pQ3X9jWAXg8UQd8XWAhNCm8ERfK3qctm',19),
('pVAtrDtM2V3eTi1KCLpfdHXrPy0JPzpI',19),
('pVbaLQkwsicWBSGmWjOZIE1STjre9O7Y',19),
('pWoihGR5Y5wyimL4a4u9pRUmJSyqmUSN',19),
('PYqtfOPwqnO5rJGUW96uybrF07JqKbl7',24),
('QkznFmxKKVR50JIS9CtvN4DwDoSKCcDW',19),
('QoUIwp4QGOmpul8YUfke4c0FH1nzHGai',20),
('qPYTMK6BUzWi8rLbmsl6XU4rGqPnvugK',19),
('R06kX7X986AHIs6FrzvjZ8heLhTAO2Ez',19),
('rhDf9S9tTXPiTYsCVX0eZiS2l9jyj965',23),
('rJ2uxi1m48FXWMyn1Hx5ZdXCetFkqynR',19),
('rNKmBVctZlLXld96SFtHSamFcHmwBq4S',19),
('SF9OKf2Mb0bcgvBxbtegFMFj0DM5fEyy',19),
('T3qfbB6fnGnr7oUWDGLe2OAEsonj3EhK',19),
('tCg9HdoMZ5RceqTwcEGHnhXXVrVSLbsj',19),
('tD1mCDS97mRnJao3yhHrOzbrCqERx0Gr',19),
('tJP22EwlCLmN4O1jp1B8pYsl0bTCXrFq',19),
('uZB70MpxUD5UZspWpLSU2hZW3JPM3wC1',19),
('wH0VtCwNkOLDvIIHCaUEQOkr0CkxmanZ',19),
('wm21zSpy0424yxSfphXhoh5wWKyyhB4S',19),
('WyQ69ZUA2YUiepwC62Y8qPfK9TnNxGJF',19),
('X1ZAzLDzjzBMHrKA0J2jwZV1Wv6dRqIa',19),
('xDHMvO9t2TlAxfeDftJ4KiEeit3IsW6N',19),
('xtwuViicAKQd3ON2OLeePToU76n5S0Bn',19),
('YB7TMoNldbb2eg7gIzXJltUk7Tovc7RC',19),
('YqP1xEOHMvj6N2Wzuzd2phQsv5TKHqm6',19),
('YqVGOUhKo5w40lLPmXp969TLWnctyp6F',19),
('yrs9dCfjnZns2A4ya3KUXuhH6x1FVTFz',19),
('yYD2AStSxEgBoIYTCUrNtqi4DEQUNrC6',19),
('Z9ucqeM26mKGaQoiTozWVHo9VOb3mnTM',19),
('ZFkfiDvGIzmEihniUKv83BIIaR24h0UI',24),
('ZNTRPrhAqVqgLbQNSASL1hiwsT7tlhSz',21),
('zT8baD1rIZMBuyVTTlJyDvFK78NZbaMi',19),
('zvqxxkzs0CMyJts6aFTRiZH9pJmSvcmR',19);

/*Table structure for table `university` */

DROP TABLE IF EXISTS `university`;

CREATE TABLE `university` (
  `id` int(11) NOT NULL AUTO_INCREMENT,
  `name_full` varchar(300) DEFAULT NULL,
  `name_short` varchar(100) NOT NULL,
  `vk_id` int(11) NOT NULL,
  `is_demo` tinyint(1) NOT NULL DEFAULT '0',
  PRIMARY KEY (`id`)
) ENGINE=InnoDB AUTO_INCREMENT=58 DEFAULT CHARSET=utf8;

/*Data for the table `university` */

insert  into `university`(`id`,`name_full`,`name_short`,`vk_id`,`is_demo`) values 
(-2,NULL,'Институт благородных Кхалиси',-2,1),
(-1,NULL,'Стена (Университет Винтерфелла для бастардов)',-1,1),
(0,NULL,'Не выбран',0,0),
(1,'','ЮФУ (бывш. РГУ)',3415,0),
(2,NULL,'ДГТУ (бывш. РИСХМ)',749,0),
(3,NULL,'ИЭиМ ДГТУ (бывш. РГАСХМ)',750,0),
(4,NULL,'ААрхИ ЮФУ (бывш. ИАрхИ, РГААиИ)',751,0),
(5,NULL,'РГК им. Рахманинова',752,0),
(6,NULL,'РИБиП\r\n',753,0),
(8,NULL,'АСА ДГТУ (бывш. РГСУ)',756,0),
(9,NULL,'РГУПС (бывш. РИИЖТ)',758,0),
(10,NULL,'РГЭУ РИНХ',759,0),
(11,NULL,'РЮИ МВД РФ\r\n',760,0),
(12,NULL,'РАНХиГС (СКАГС) при Президенте РФ',761,0),
(13,NULL,'ИБиП\r\n',762,0),
(14,NULL,'ИМБ\r\n',763,0),
(15,NULL,'ИУБиП\r\n',764,0),
(16,NULL,'ЮРГИ\r\n',765,0),
(17,NULL,'МГУТУ (РФ)',2982,0),
(18,NULL,'РГУП (РФ) (бывш. РФ РАП)',3581,0),
(19,NULL,'ЮРГТУ (НПИ)',3727,0),
(20,NULL,'РТА (РФ)',3745,0),
(21,NULL,'МТУСИ (СКФ)',4698,0),
(22,NULL,'РИНЯЗ',5109,0),
(23,NULL,'СГА',5406,0),
(24,NULL,'РСЭИ',6607,0),
(25,NULL,'ВГАВТ (РФ)',15339,0),
(26,NULL,'СКИАПП',15466,0),
(27,NULL,'ИСИТ ДГТУ (бывш. РТИСТ  ЮРГУЭС)',17155,0),
(28,NULL,'ДонГАУ (бывш. ДСХИ)',17782,0),
(29,NULL,'МЭСИ (ДФ)',19139,0),
(30,NULL,'РИЗП',20295,0),
(31,NULL,'ДЮИ',21194,0),
(32,NULL,'СПбГУКИ (РФ)',57100,0),
(33,NULL,'РЮИ ВГУЮ (бывш. РПА МЮ РФ)',84304,0),
(34,NULL,'РГТЭУ (РИ)',93146,0),
(35,NULL,'МосАП (РФ)',94863,0),
(36,NULL,'МГТУ ГА (РФ)',96782,0),
(37,NULL,'РМИЭУ',133751,0),
(38,NULL,'РИК (ф) БУКЭП (бывш. БУПК РФ)',139990,0),
(39,NULL,'МГАВТ (РФ)',141835,0),
(40,NULL,'РФ ГМУ им. адм. Ушакова (МГА им. Ушакова)',167296,0),
(41,NULL,'ЕАОИ (ДФ)',191391,0),
(42,NULL,'РИФКиС (ф) КГУФКСиТ',244001,0),
(43,NULL,'МГГУ им. Шолохова (РФ)',298234,0),
(44,NULL,'РИПИ',439825,0),
(45,NULL,'МИПП (РФ)',459686,0),
(46,NULL,'РГГМУ (РФ)',461494,0),
(47,NULL,'МУ им. С. Ю. Витте (бывш. МИЭМП) (РФ)',583877,0),
(48,NULL,'ИУиИАП ДГТУ',1164357,0),
(49,NULL,'ДДС',1171123,0),
(50,NULL,'ВГИК (РФ)',1172319,0),
(51,NULL,'ИВТ им. Седова (филиал ГМУ им. Ушакова)',1172842,0),
(52,NULL,'РИ (ф) РЭУ им. Г. В. Плеханова',1174939,0),
(53,NULL,'РГПУ',1187488,0),
(54,NULL,'ДГТУ (с 2016)',1187868,0),
(55,NULL,'РИПК и ППРО',1188065,0),
(56,NULL,'РВИРВ им. Неделина',1189601,0),
(57,NULL,'РостГМУ',754,0);

/*Table structure for table `user` */

DROP TABLE IF EXISTS `user`;

CREATE TABLE `user` (
  `id` int(11) NOT NULL AUTO_INCREMENT,
  `first_name` varchar(100) NOT NULL,
  `last_name` varchar(100) NOT NULL,
  `birth_date` datetime NOT NULL,
  `age` int(11) NOT NULL,
  `about` text,
  `phone` varchar(50) DEFAULT NULL,
  `email` varchar(100) DEFAULT NULL,
  `avatar` varchar(200) NOT NULL COMMENT '200x200',
  `sex` enum('мужской','женский','не важно') NOT NULL,
  `wish_pay` int(11) DEFAULT NULL,
  `city` varchar(100) NOT NULL,
  `university` varchar(200) DEFAULT NULL,
  `faculty` varchar(200) DEFAULT NULL,
  `speciality` varchar(150) NOT NULL,
  `study_year` varchar(50) DEFAULT NULL,
  `date_register` datetime NOT NULL,
  `register_from_vk` tinyint(1) DEFAULT NULL,
  `password` varchar(100) DEFAULT NULL,
  `login` varchar(100) DEFAULT NULL,
  `vk_id` int(11) NOT NULL,
  `flat_id` int(11) DEFAULT NULL,
  `char_age` enum('18-25','18-30','не важно') DEFAULT NULL,
  `char_activity` enum('не важно','интроверт','экстраверт') DEFAULT NULL,
  `char_habbits` enum('не важно','курит','пьет','курит и пьет','не курит и не пьет') DEFAULT NULL,
  `char_pets` enum('не важно','только небольшие','обожаю животных') DEFAULT NULL,
  `char_car` enum('не важно','есть','нет') DEFAULT NULL,
  `char_university` enum('не важно') DEFAULT NULL,
  `complains_available` int(11) NOT NULL,
  `university_id` int(11) NOT NULL,
  `faculty_id` int(11) NOT NULL,
  `is_demo` tinyint(1) NOT NULL DEFAULT '0',
  PRIMARY KEY (`id`)
) ENGINE=InnoDB AUTO_INCREMENT=28 DEFAULT CHARSET=utf8;

/*Data for the table `user` */

insert  into `user`(`id`,`first_name`,`last_name`,`birth_date`,`age`,`about`,`phone`,`email`,`avatar`,`sex`,`wish_pay`,`city`,`university`,`faculty`,`speciality`,`study_year`,`date_register`,`register_from_vk`,`password`,`login`,`vk_id`,`flat_id`,`char_age`,`char_activity`,`char_habbits`,`char_pets`,`char_car`,`char_university`,`complains_available`,`university_id`,`faculty_id`,`is_demo`) values 
(1,'Джон','Сноу','1995-12-10 00:00:00',22,'Джон Сноу (урождённый Эйгон Таргариен) — сын Рейгара Таргариена и Лианны Старк, наследник Железного трона. Считается внебрачным сыном лорда Винтерфелла Эддарда Старка.','+7(999)-999-99-99','johnsnow@gameofthrones.com','/images/john_snow.jpg','мужской',0,'Винтерфелл','Университет Винтерфела для бастардов','Факультет прикладных наук','на север!','80','2017-11-12 06:00:57',0,'john','john',0,21,'18-25',NULL,NULL,NULL,NULL,NULL,1,0,0,1),
(2,'Дейнерис','Таргариен','1995-06-15 00:00:00',22,'Дейнерис Таргариен — дочь «Безумного короля» Эйриса II и королевы Рейлы, свергнутых с железного трона во время восстания Роберта. Младшая сестра Рейгара и Визериса Таргариенов.','+7(333)-333-33-33','daenerys@gameofthrones.com','/images/daenerys.png','женский',0,'Пентос','Не училась в университетах','Факультет захвата Железного трона','не знаю','80','2017-11-12 06:20:04',0,'daenerys','daenerys',0,NULL,'18-25',NULL,NULL,NULL,NULL,NULL,1,0,0,1),
(19,'Кирилл','Владыкин','1989-06-28 00:00:00',28,'Одинокий мужчина ну в пооолном расцвете сил','+7(111)-111-11-11','kirillmybox@rambler.ru','/images/uploads/user_19/1513848006547.png','мужской',0,'Ростов-на-Дону','ЮФУ (бывш. РГУ)','Институт математики, механики и компьютерных наук (бывш. Механико-математический)','новое','2','2017-12-02 20:30:47',1,NULL,NULL,16718732,34,NULL,NULL,NULL,NULL,NULL,NULL,0,9,101,1),
(27,'Ольга','Владыкина','1956-02-06 00:00:00',61,'о себе','+7(950)-840-10-59','test@mail.ru','/images/uploads/user_27/avatar_1513762119267.jpg','женский',0,'Ростов-на-Дону','ЮФУ','мехмат','прикладная математика','1','2017-12-20 12:28:39',NULL,NULL,NULL,462993092,36,NULL,NULL,NULL,NULL,NULL,NULL,1,1,130,0);

/*Table structure for table `user_complains` */

DROP TABLE IF EXISTS `user_complains`;

CREATE TABLE `user_complains` (
  `id` int(11) NOT NULL AUTO_INCREMENT,
  `from_user_id` int(11) NOT NULL,
  `to_user_id` int(11) NOT NULL,
  `complain_id` int(11) NOT NULL,
  `comment` varchar(500) DEFAULT NULL,
  `date_created` datetime NOT NULL,
  `is_processed` tinyint(1) NOT NULL DEFAULT '0',
  `date_processed` datetime DEFAULT NULL,
  PRIMARY KEY (`id`)
) ENGINE=InnoDB AUTO_INCREMENT=2 DEFAULT CHARSET=utf8;

/*Data for the table `user_complains` */

insert  into `user_complains`(`id`,`from_user_id`,`to_user_id`,`complain_id`,`comment`,`date_created`,`is_processed`,`date_processed`) values 
(1,19,2,1,'1111','2017-12-21 12:35:22',0,NULL);

/*Table structure for table `user_priority_option` */

DROP TABLE IF EXISTS `user_priority_option`;

CREATE TABLE `user_priority_option` (
  `id` int(11) NOT NULL AUTO_INCREMENT,
  `user_id` int(11) NOT NULL,
  `priority_option_id` int(11) NOT NULL,
  PRIMARY KEY (`id`),
  KEY `user_fk` (`user_id`),
  KEY `character_value_fk` (`priority_option_id`)
) ENGINE=InnoDB AUTO_INCREMENT=697 DEFAULT CHARSET=utf8;

/*Data for the table `user_priority_option` */

insert  into `user_priority_option`(`id`,`user_id`,`priority_option_id`) values 
(499,2,1),
(500,2,4),
(501,2,7),
(502,2,10),
(503,2,14),
(504,2,17),
(505,2,20),
(506,2,24),
(507,2,27),
(571,1,1),
(572,1,4),
(573,1,8),
(574,1,13),
(575,1,14),
(576,1,18),
(577,1,21),
(578,1,24),
(579,1,27),
(607,22,1),
(608,22,4),
(609,22,7),
(610,22,10),
(611,22,14),
(612,22,17),
(613,22,20),
(614,22,24),
(615,22,27),
(679,27,1),
(680,27,4),
(681,27,9),
(682,27,13),
(683,27,15),
(684,27,17),
(685,27,20),
(686,27,24),
(687,27,28),
(688,19,2),
(689,19,5),
(690,19,8),
(691,19,11),
(692,19,15),
(693,19,19),
(694,19,21),
(695,19,24),
(696,19,28);

/*Table structure for table `utility` */

DROP TABLE IF EXISTS `utility`;

CREATE TABLE `utility` (
  `id` int(11) NOT NULL AUTO_INCREMENT,
  `display_name` varchar(50) NOT NULL,
  `display_order` int(11) NOT NULL,
  PRIMARY KEY (`id`)
) ENGINE=InnoDB AUTO_INCREMENT=6 DEFAULT CHARSET=utf8;

/*Data for the table `utility` */

insert  into `utility`(`id`,`display_name`,`display_order`) values 
(1,'Кондиционер',1),
(2,'Микроволновка',2),
(3,'Кофемашина',3),
(4,'Парковка',4),
(5,'Wi-fi',5);

/*Table structure for table `v_education` */

DROP TABLE IF EXISTS `v_education`;

/*!50001 DROP VIEW IF EXISTS `v_education` */;
/*!50001 DROP TABLE IF EXISTS `v_education` */;

/*!50001 CREATE TABLE  `v_education`(
 `id` int(11) ,
 `first_name` varchar(100) ,
 `last_name` varchar(100) ,
 `faculty_id` int(11) ,
 `faculty_name` varchar(200) ,
 `university_id` int(11) ,
 `university_name` varchar(100) 
)*/;

/*Table structure for table `v_priority` */

DROP TABLE IF EXISTS `v_priority`;

/*!50001 DROP VIEW IF EXISTS `v_priority` */;
/*!50001 DROP TABLE IF EXISTS `v_priority` */;

/*!50001 CREATE TABLE  `v_priority`(
 `option_id` int(11) ,
 `option_name` varchar(100) ,
 `priority_id` int(11) ,
 `priority_name_full` varchar(150) ,
 `priority_name_short` varchar(75) ,
 `order` int(11) 
)*/;

/*Table structure for table `v_user` */

DROP TABLE IF EXISTS `v_user`;

/*!50001 DROP VIEW IF EXISTS `v_user` */;
/*!50001 DROP TABLE IF EXISTS `v_user` */;

/*!50001 CREATE TABLE  `v_user`(
 `user_id` int(11) ,
 `user_first_name` varchar(100) ,
 `user_last_name` varchar(100) ,
 `user_age` int(11) ,
 `user_sex` enum('мужской','женский','не важно') ,
 `user_birth_date` varchar(10) ,
 `user_about` text ,
 `user_avatar` varchar(200) ,
 `user_name` varchar(201) ,
 `user_phone` varchar(50) ,
 `user_email` varchar(100) ,
 `user_city` varchar(100) ,
 `speciality_name` varchar(150) ,
 `user_study_year` varchar(50) ,
 `user_wish_pay` int(11) ,
 `university_id` int(11) ,
 `university_name` varchar(100) ,
 `faculty_id` int(11) ,
 `faculty_name` varchar(200) ,
 `flat_id` int(11) ,
 `flat_description` varchar(200) ,
 `flat_square` varchar(50) ,
 `flat_traffic` varchar(300) ,
 `flat_address` varchar(200) ,
 `flat_room_num` int(11) ,
 `flat_rent_pay` int(11) ,
 `flat_total_pay` int(11) ,
 `flat_enter_date` varchar(10) 
)*/;

/*Table structure for table `v_user_priority` */

DROP TABLE IF EXISTS `v_user_priority`;

/*!50001 DROP VIEW IF EXISTS `v_user_priority` */;
/*!50001 DROP TABLE IF EXISTS `v_user_priority` */;

/*!50001 CREATE TABLE  `v_user_priority`(
 `priority_id` int(11) ,
 `priority_name_full` varchar(150) ,
 `option_id` int(11) ,
 `option_name` varchar(100) ,
 `user_id` int(11) 
)*/;

/*View structure for view v_education */

/*!50001 DROP TABLE IF EXISTS `v_education` */;
/*!50001 DROP VIEW IF EXISTS `v_education` */;

/*!50001 CREATE ALGORITHM=UNDEFINED DEFINER=`root`@`localhost` SQL SECURITY DEFINER VIEW `v_education` AS (select `user`.`id` AS `id`,`user`.`first_name` AS `first_name`,`user`.`last_name` AS `last_name`,`faculty`.`id` AS `faculty_id`,`faculty`.`name_full` AS `faculty_name`,`university`.`id` AS `university_id`,`university`.`name_short` AS `university_name` from ((`user` join `university` on((`user`.`university_id` = `university`.`id`))) join `faculty` on((`user`.`faculty_id` = `faculty`.`id`)))) */;

/*View structure for view v_priority */

/*!50001 DROP TABLE IF EXISTS `v_priority` */;
/*!50001 DROP VIEW IF EXISTS `v_priority` */;

/*!50001 CREATE ALGORITHM=UNDEFINED DEFINER=`root`@`localhost` SQL SECURITY DEFINER VIEW `v_priority` AS (select `priority_option`.`id` AS `option_id`,`priority_option`.`name` AS `option_name`,`priority`.`id` AS `priority_id`,`priority`.`display_name_full` AS `priority_name_full`,`priority`.`display_name_short` AS `priority_name_short`,`priority`.`display_order` AS `order` from (`priority` join `priority_option` on((`priority_option`.`priority_id` = `priority`.`id`))) order by `priority`.`display_order`) */;

/*View structure for view v_user */

/*!50001 DROP TABLE IF EXISTS `v_user` */;
/*!50001 DROP VIEW IF EXISTS `v_user` */;

/*!50001 CREATE ALGORITHM=UNDEFINED DEFINER=`root`@`localhost` SQL SECURITY DEFINER VIEW `v_user` AS (select `user`.`id` AS `user_id`,`user`.`first_name` AS `user_first_name`,`user`.`last_name` AS `user_last_name`,`user`.`age` AS `user_age`,`user`.`sex` AS `user_sex`,date_format(`user`.`birth_date`,'%d.%m.%Y') AS `user_birth_date`,`user`.`about` AS `user_about`,`user`.`avatar` AS `user_avatar`,concat(`user`.`first_name`,' ',`user`.`last_name`) AS `user_name`,`user`.`phone` AS `user_phone`,`user`.`email` AS `user_email`,`user`.`city` AS `user_city`,`user`.`speciality` AS `speciality_name`,`user`.`study_year` AS `user_study_year`,`user`.`wish_pay` AS `user_wish_pay`,`university`.`id` AS `university_id`,`university`.`name_short` AS `university_name`,`faculty`.`id` AS `faculty_id`,`faculty`.`name_full` AS `faculty_name`,`user`.`flat_id` AS `flat_id`,`flat`.`description` AS `flat_description`,`flat`.`square` AS `flat_square`,`flat`.`traffic` AS `flat_traffic`,`flat`.`address` AS `flat_address`,`flat`.`room_num` AS `flat_room_num`,`flat`.`rent_pay` AS `flat_rent_pay`,`flat`.`total_pay` AS `flat_total_pay`,date_format(`flat`.`enter_date`,'%d.%m.%Y') AS `flat_enter_date` from (((`user` left join `flat` on((`user`.`flat_id` = `flat`.`id`))) join `university` on((`university`.`id` = `user`.`university_id`))) join `faculty` on((`faculty`.`id` = `user`.`faculty_id`)))) */;

/*View structure for view v_user_priority */

/*!50001 DROP TABLE IF EXISTS `v_user_priority` */;
/*!50001 DROP VIEW IF EXISTS `v_user_priority` */;

/*!50001 CREATE ALGORITHM=UNDEFINED DEFINER=`root`@`localhost` SQL SECURITY DEFINER VIEW `v_user_priority` AS (select `priority`.`id` AS `priority_id`,`priority`.`display_name_full` AS `priority_name_full`,`priority_option`.`id` AS `option_id`,`priority_option`.`name` AS `option_name`,`user_priority_option`.`user_id` AS `user_id` from ((`user_priority_option` join `priority_option` on((`user_priority_option`.`priority_option_id` = `priority_option`.`id`))) join `priority` on((`priority_option`.`priority_id` = `priority`.`id`)))) */;

/*!40101 SET SQL_MODE=@OLD_SQL_MODE */;
/*!40014 SET FOREIGN_KEY_CHECKS=@OLD_FOREIGN_KEY_CHECKS */;
/*!40014 SET UNIQUE_CHECKS=@OLD_UNIQUE_CHECKS */;
/*!40111 SET SQL_NOTES=@OLD_SQL_NOTES */;
