/*
SQLyog Community v12.2.4 (64 bit)
MySQL - 5.5.25 : Database - onemarkt_alaskaroom
*********************************************************************
*/

/*!40101 SET NAMES utf8 */;

/*!40101 SET SQL_MODE=''*/;

/*!40014 SET @OLD_UNIQUE_CHECKS=@@UNIQUE_CHECKS, UNIQUE_CHECKS=0 */;
/*!40014 SET @OLD_FOREIGN_KEY_CHECKS=@@FOREIGN_KEY_CHECKS, FOREIGN_KEY_CHECKS=0 */;
/*!40101 SET @OLD_SQL_MODE=@@SQL_MODE, SQL_MODE='NO_AUTO_VALUE_ON_ZERO' */;
/*!40111 SET @OLD_SQL_NOTES=@@SQL_NOTES, SQL_NOTES=0 */;
CREATE DATABASE /*!32312 IF NOT EXISTS*/`onemarkt_alaskaroom` /*!40100 DEFAULT CHARACTER SET utf8 */;

USE `onemarkt_alaskaroom`;

/*Table structure for table `access_token` */

DROP TABLE IF EXISTS `access_token`;

CREATE TABLE `access_token` (
  `id` int(11) NOT NULL AUTO_INCREMENT,
  `access_token` varchar(50) NOT NULL,
  `expires_in` int(11) NOT NULL,
  `user_id` int(11) DEFAULT NULL,
  `date_created` datetime NOT NULL,
  `vk_id` int(11) NOT NULL,
  PRIMARY KEY (`id`)
) ENGINE=InnoDB AUTO_INCREMENT=158 DEFAULT CHARSET=utf8;

/*Data for the table `access_token` */

insert  into `access_token`(`id`,`access_token`,`expires_in`,`user_id`,`date_created`,`vk_id`) values 
(131,'88b4a1df3ffdee73c92f970f1d4701f1d3536fa02dba70ec39',86399,NULL,'2017-12-23 23:12:34',16718732),
(132,'d8f6372112645688d1e3d8663058b2032d804717ffde504892',86399,NULL,'2017-12-25 14:54:35',16718732),
(133,'fb551488f20f5c755a9b7a1470c2a6f383bbd4ba6d49a5f179',86399,NULL,'2017-12-25 18:53:39',16718732),
(134,'5bbd07ef35583021155c94831f6fb5b3b8aeea4268af41420e',86400,NULL,'2017-12-26 18:33:46',16718732),
(135,'5b16c76bf19b074d27a684d845e94cd69fc1a6cf4f69609298',86400,NULL,'2017-12-26 21:54:01',16718732),
(136,'07275091eca46ba7c57aa5736864b34b61b9bfae032813be7c',86399,NULL,'2017-12-27 07:11:00',16718732),
(137,'7e290f9ecab0eaec30b313f7663be21a7aae46d90eca61745e',86399,NULL,'2017-12-27 08:28:27',16718732),
(138,'1f0966ff42a95f1ad62e58cc0e3d929fafd9fc754d6e31d84f',86399,NULL,'2017-12-27 13:51:32',16718732),
(139,'5ba3dec11ec15121f1a5109a5b1699969609cbcf3599912725',86400,NULL,'2017-12-27 23:44:43',16718732),
(140,'90190127dcc5c659f284ddef1f31448cc0c19199d3e308a8ca',86399,NULL,'2017-12-31 00:51:49',462993092),
(141,'064fe98b979586b3e76f47ded015d3f2a3135c60bb29886440',86399,NULL,'2018-01-03 15:45:48',16718732),
(142,'ac5510fb8e151c0dccd5d1bee51faa51b2fe7a7d4e6f95d87d',86399,NULL,'2018-01-03 21:13:20',16718732),
(143,'c6687d96c49db68e9a8889c4caa008d9575367cd82c8af5b21',86399,NULL,'2018-01-04 15:24:01',16718732),
(144,'42d7a42c5c4f7f2017828190ffeef81539f23ddfe040ca98e3',86399,NULL,'2018-01-08 14:25:43',16718732),
(145,'0e5e02e789d83bd2eab889a2ecccda8d321a3bd657dd6c0de8',86400,NULL,'2018-01-08 17:17:00',16718732),
(146,'2c8fae503f558017e8b666e17b026049f3c5d3e172b92622e4',86399,NULL,'2018-01-09 12:12:30',16718732),
(147,'87af63da1592079e5d0f4404ea2cf6df323f1dae41bc6b339d',86400,NULL,'2018-01-09 16:09:25',16718732),
(148,'990304ea74e8158bfc44b1df45976430d8bd1e31bd3f8a5a60',86399,NULL,'2018-01-09 16:59:31',462993092),
(149,'5d02c0867c2b4cec8e4f724ad0d0174843357dc5b3a3fe6e97',86400,NULL,'2018-01-09 17:00:01',462993092),
(150,'944eee3fb6af1019ec2b63317cdaf9c496603dd2d6264cb84a',86400,NULL,'2018-01-09 17:01:33',462993092),
(151,'112adeb45b0708681bda20fab784bd97ab6c75ce40bbd62994',86399,NULL,'2018-01-09 17:11:26',462993092),
(152,'92845c7184fdd69d2cc08e8cec1ee6019ce2c931b75f1ef4d1',86400,NULL,'2018-01-09 18:18:09',16718732),
(153,'2d967f0398db18e18447b997fbcfcdb1dfa92b499813e69f19',86399,NULL,'2018-01-10 11:59:31',16718732),
(154,'67259b69d2bad3e934a68915a895cb876e131f39e94b1a60bf',86400,NULL,'2018-01-10 14:16:21',16718732),
(155,'ac65c053a678af1253a0ae008aff16e3d72f15d7a647d1425f',86399,NULL,'2018-01-10 18:19:09',16718732),
(156,'9ed26ca194a6885e562e6d3452398f978c370c8f5ab096b2df',86399,NULL,'2018-01-11 14:51:41',16718732),
(157,'993e1a76e2b55fa7f3541b689a37ff1aac9037654e8199dddf',86399,NULL,'2018-01-11 21:08:13',16718732);

/*Table structure for table `complain` */

DROP TABLE IF EXISTS `complain`;

CREATE TABLE `complain` (
  `id` int(11) NOT NULL AUTO_INCREMENT,
  `name` varchar(100) NOT NULL,
  PRIMARY KEY (`id`)
) ENGINE=InnoDB AUTO_INCREMENT=3 DEFAULT CHARSET=utf8;

/*Data for the table `complain` */

insert  into `complain`(`id`,`name`) values 
(1,'Рекламное агентство'),
(2,'Не студент');

/*Table structure for table `department` */

DROP TABLE IF EXISTS `department`;

CREATE TABLE `department` (
  `id` int(11) NOT NULL AUTO_INCREMENT,
  `name_full` varchar(250) NOT NULL,
  `name_short` varchar(100) DEFAULT NULL,
  `faculty_id` int(11) NOT NULL,
  `vk_id` int(11) NOT NULL,
  `is_demo` tinyint(1) NOT NULL DEFAULT '0',
  PRIMARY KEY (`id`)
) ENGINE=InnoDB AUTO_INCREMENT=307 DEFAULT CHARSET=utf8;

/*Data for the table `department` */

insert  into `department`(`id`,`name_full`,`name_short`,`faculty_id`,`vk_id`,`is_demo`) values 
(1,' Кафедра биохимии и микробиологии',NULL,131,6850,0),
(2,' Кафедра ботаники',NULL,131,6851,0),
(3,' Кафедра генетики',NULL,131,6852,0),
(4,' Кафедра зоологии',NULL,131,6853,0),
(5,' Кафедра основ медицинских знаний и защиты населения в чрезвычайной обстановке',NULL,131,6854,0),
(6,' Кафедра почвоведения и оценки земельных ресурсов (Почвоведения и агрохимии)',NULL,131,6855,0),
(7,' Кафедра физиологии человека и животных',NULL,131,6856,0),
(8,' Кафедра экологии и природопользования',NULL,131,6857,0),
(9,'Биология',NULL,131,2045776,0),
(10,'Почвоведение',NULL,131,2045777,0),
(11,'Педагогическое образование',NULL,131,2045778,0),
(12,' Кафедра высшей математики и исследования операций',NULL,130,6816,0),
(13,' Кафедра вычислительной математики и математической физики',NULL,130,6817,0),
(14,' Кафедра геометрии',NULL,130,6818,0),
(15,' Кафедра дифференциальных и интегральных уравнений',NULL,130,6819,0),
(16,' Кафедра информатики и вычислительного эксперимента',NULL,130,6820,0),
(17,' Кафедра математического анализа',NULL,130,6821,0),
(18,' Кафедра математического моделирования',NULL,130,6822,0),
(19,' Кафедра теоретической и компьютерной гидроаэродинамики',NULL,130,6823,0),
(20,' Кафедра теории упругости',NULL,130,6824,0),
(21,' Кафедра высокопроизводительных вычислений и информационно-коммуникационных технологий',NULL,130,1766735,0),
(22,' Кафедра алгебры и дискретной математики',NULL,130,1885521,0),
(23,' Кафедра прикладной математики и программирования',NULL,130,1885522,0),
(24,' Кафедра информационных технологий и методики преподавания информатики',NULL,130,1995808,0),
(25,' Кафедра теории и методики математического образования',NULL,130,1995809,0),
(26,'Математика',NULL,130,2045886,0),
(27,'Прикладная математика и информатика',NULL,130,2045887,0),
(28,'Механика и математическое моделирование',NULL,130,2045888,0),
(29,'Фундаментальная информатика и информационные технологии',NULL,130,2045889,0),
(30,'Педагогическое образование: Математика',NULL,130,2045890,0),
(31,'Педагогическое образование: Математика и информатика',NULL,130,2068533,0),
(32,' Кафедра глобальных информационных систем',NULL,132,6858,0),
(33,' Кафедра системного анализа и управления',NULL,132,6860,0),
(34,' Кафедра информационных и измерительных технологий',NULL,132,1885519,0),
(35,' Кафедра космического приборостроения и инновационных технологий',NULL,132,1885520,0),
(36,'Прикладная информатика',NULL,132,2045819,0),
(37,'Приборостроение',NULL,132,2045820,0),
(38,'Землеустройство и кадастры',NULL,132,2045821,0),
(39,'Организация и управление наукоемкими производствами',NULL,132,2045822,0),
(40,' Кафедра геологии нефти и газа',NULL,133,6863,0),
(41,' Кафедра геоэкологии и прикладной геохимии',NULL,133,6864,0),
(42,' Кафедра гидрогеологии и инженерной геологии',NULL,133,6865,0),
(43,' Кафедра месторождений полезных ископаемых',NULL,133,6867,0),
(44,' Кафедра минералогии и петрографии',NULL,133,6868,0),
(45,' Кафедра общей географии краеведения и туризма',NULL,133,6869,0),
(46,' Кафедра общей и исторической геологии',NULL,133,6870,0),
(47,' Кафедра океанологии',NULL,133,6871,0),
(48,' Кафедра экономической и социальной географии (Социально-экономической географии и природопользования)',NULL,133,6872,0),
(49,' Кафедра физической географии, экологии и охраны природы',NULL,133,6873,0),
(50,'Геология',NULL,133,2045891,0),
(51,'География',NULL,133,2045892,0),
(52,'Педагогическое образование: География',NULL,133,2045893,0),
(53,'Прикладная геология',NULL,133,2045894,0),
(54,' Кафедра археологии и истории Древнего мира',NULL,134,1827249,0),
(55,' Кафедра зарубежной истории и международных отношений',NULL,134,1827250,0),
(56,' Кафедра отечественной истории',NULL,134,1827251,0),
(57,' Кафедра политической истории',NULL,134,1827252,0),
(58,' Кафедра исторической политологии',NULL,134,1827253,0),
(59,' Кафедра специальных исторических дисциплин и документоведения',NULL,134,1827254,0),
(60,' Кафедра всеобщей истории',NULL,134,2045880,0),
(61,' Кафедра методики преподавания истории и обществознания',NULL,134,2045881,0),
(62,'Международные отношения',NULL,134,2045882,0),
(63,'Педагогическое образование: История',NULL,134,2045883,0),
(64,'История',NULL,134,2045884,0),
(65,'Документоведение и архивоведение',NULL,134,2045885,0),
(66,'Кафедра педагогики и педагогической психологии',NULL,135,6881,0),
(67,'Кафедра психологии здоровья и физической культуры',NULL,135,6882,0),
(68,'Кафедра психологии и педагогики высшего образования',NULL,135,6883,0),
(69,' Кафедра социальной психологии и психологии личности',NULL,135,6884,0),
(70,' Кафедра психофизиологии и клинической психологии',NULL,135,6886,0),
(71,' Кафедра организационной и возрастной психологии (бывш. Психологии развития и возрастной психологии (Психофизиологии и психологии развития), Организационной и прикладной психологии)',NULL,135,6887,0),
(72,'Кафедра теоретических и прикладных методов психологии',NULL,135,6889,0),
(73,' Кафедра психологии управления и юридической психологии',NULL,135,6890,0),
(74,' Кафедра дошкольного образования (Дошкольной педагогики)',NULL,135,45733,0),
(75,' Кафедра начального образования (Педагогики и методики начального образования)',NULL,135,45734,0),
(76,'Кафедра социальной педагогики и молодежной политики',NULL,135,45735,0),
(77,' Кафедра психологии образования (Специальной и практической психологии)',NULL,135,45738,0),
(78,' Кафедра общей и педагогической психологии',NULL,135,46004,0),
(79,' Кафедра образования и педагогических наук',NULL,135,1965189,0),
(80,' Кафедра коррекционной педагогики',NULL,135,1965190,0),
(81,' Кафедра технологии и профессионально-педагогического образования',NULL,135,1965238,0),
(82,'Психология',NULL,135,2045779,0),
(83,'Дошкольное образование',NULL,135,2045780,0),
(84,'Начальное образование',NULL,135,2045781,0),
(85,'Психолого-педагогическое образование',NULL,135,2045782,0),
(86,'Специальное (дефектологическое) образование',NULL,135,2045783,0),
(87,'Профессиональное обучение',NULL,135,2045784,0),
(88,'Начальное образование и иностранный язык',NULL,135,2045785,0),
(89,'Технология и изобразительное искусство',NULL,135,2045786,0),
(90,'Клиническая психология',NULL,135,2045787,0),
(91,'Психология служебной деятельности',NULL,135,2045788,0),
(92,'Педагогика и психология девиантного поведения',NULL,135,2045789,0),
(93,' Кафедра социальных технологий',NULL,136,6896,0),
(94,' Кафедра истории философии',NULL,136,6910,0),
(95,' Кафедра исторической культурологии',NULL,136,6911,0),
(96,' Кафедра социальной философии',NULL,136,6912,0),
(97,' Кафедра теории культуры, этики и эстетики',NULL,136,6913,0),
(98,' Кафедра философии и методологии науки',NULL,136,6914,0),
(99,' Кафедра философии религии и религиоведения (бывш. Философии, религиоведения и теологии)',NULL,136,6915,0),
(100,' Кафедра культурной антропологии города',NULL,136,1908668,0),
(101,' Кафедра теоретической и прикладной политологии',NULL,136,1908671,0),
(102,'Социальная работа',NULL,136,2045909,0),
(103,'Организация работы с молодежью',NULL,136,2045910,0),
(104,'Политология',NULL,136,2045911,0),
(105,'Философия',NULL,136,2045912,0),
(106,'Религиоведение',NULL,136,2045913,0),
(107,'Культурология',NULL,136,2045914,0),
(108,' Кафедpа аналитической химии',NULL,137,6916,0),
(109,' Кафедра общей и неорганической химии',NULL,137,6917,0),
(110,' Кафедра органической химии',NULL,137,6918,0),
(111,' Кафедpа физической и коллоидной химии',NULL,137,6919,0),
(112,' Кафедpа химии пpиpодных и высокомолекуляpных соединений',NULL,137,6920,0),
(113,' Кафедpа электpохимии',NULL,137,6921,0),
(114,' Кафедра химии',NULL,137,2045941,0),
(115,'Химия',NULL,137,2045942,0),
(116,'Химия, физика и механика материалов',NULL,137,2045943,0),
(117,'Фундаментальная и прикладная химия',NULL,137,2045944,0),
(118,' Кафедpа госудаpственного (конституционного) пpава',NULL,138,6923,0),
(119,' Кафедpа гpажданского пpава',NULL,138,6924,0),
(120,' Кафедра гражданского процессуального и трудового права',NULL,138,6925,0),
(121,' Кафедpа международного права',NULL,138,6926,0),
(122,' Кафедpа муниципального пpава и природоохранного законодательства',NULL,138,6927,0),
(123,' Кафедpа теоpии и истоpии госудаpства и пpава',NULL,138,6928,0),
(124,' Кафедpа уголовного пpава и кpиминологии',NULL,138,6929,0),
(125,' Кафедpа уголовного пpоцесса и кpиминалистики',NULL,138,6930,0),
(126,'Юриспруденция',NULL,138,2045953,0),
(127,'Кафедра изобразительного искусства',NULL,139,1866368,0),
(128,'Кафедра методики преподавания технологии, декоративно-прикладного искусства и дизайна',NULL,139,1866369,0),
(129,'Кафедра педагогики',NULL,139,1866370,0),
(130,'Кафедра права',NULL,139,1866371,0),
(131,'Кафедра технологии материалов и машиноведения',NULL,139,1866372,0),
(132,'Кафедра экономики и прикладной математики',NULL,139,1866373,0),
(133,' Кафедpа квантовой pадиофизики',NULL,140,6900,0),
(134,' Кафедpа общей физики',NULL,140,6902,0),
(135,' Кафедpа пpикладной электpодинамики и компьютеpного моделиpования',NULL,140,6903,0),
(136,' Кафедpа pадиофизики',NULL,140,6904,0),
(137,' Кафедpа теоpетической и вычислительной физики',NULL,140,6905,0),
(138,' Кафедpа физики космоса',NULL,140,6906,0),
(139,' Кафедра физики кристаллов и структурного анализа',NULL,140,6907,0),
(140,' Кафедра технической физики  (бывш. Физики полупроводников)',NULL,140,6908,0),
(141,' Кафедра физики наносистем и спектроскопии (бывш. Физики твердого тела)',NULL,140,6909,0),
(142,' Кафедра биофизики и биокибернетики',NULL,140,14760,0),
(143,' Кафедра нанотехнологии',NULL,140,25269,0),
(144,'Физика',NULL,140,1995813,0),
(145,'Радиофизика',NULL,140,2045937,0),
(146,'Инфокоммуникационные технологии и системы связи',NULL,140,2045938,0),
(147,'Техническая физика',NULL,140,2045939,0),
(148,'Нанотехнологии и микросистемная техника',NULL,140,2045940,0),
(149,' Кафедра теории и практики английского языка',NULL,141,1885462,0),
(150,' Кафедра английской филологии',NULL,141,1885463,0),
(151,' Кафедра теории и практики немецкого языка',NULL,141,1885464,0),
(152,' Кафедра немецкой филологии',NULL,141,1885465,0),
(153,' Кафедра лингвистики и профессиональной коммуникации',NULL,141,1885466,0),
(154,' Кафедра русского языка',NULL,141,1885467,0),
(155,' Кафедра теории языка и русского языка',NULL,141,1885468,0),
(156,' Кафедра русского языка для иностранных учащихся',NULL,141,1885469,0),
(157,' Кафедра отечественной литературы',NULL,141,1885470,0),
(158,' Кафедра теории и истории мировой литературы',NULL,141,1885471,0),
(159,' Кафедра общего и сравнительного языкознания',NULL,141,1885472,0),
(160,' Кафедра английского языка гуманитарных факультетов',NULL,141,1885473,0),
(161,' Кафедра английского языка естественных факультетов',NULL,141,1885474,0),
(162,' Кафедра романской филологии',NULL,141,1885475,0),
(163,' Кафедра истории журналистики',NULL,141,1885476,0),
(164,' Кафедра теории журналистики',NULL,141,1885477,0),
(165,' Кафедра средств массовых коммуникаций',NULL,141,1885478,0),
(166,' Кафедра речевой коммуникации и издательского дела',NULL,141,1885479,0),
(167,' Кафедра перевода и информационных технологий в лингвистике',NULL,141,1885480,0),
(168,' Кафедра межкультурной коммуникации и методики преподавания иностранных языков',NULL,141,1885481,0),
(169,' Кафедра иберо-американской филологии и коммуникативистики',NULL,141,1985584,0),
(170,' Кафедра немецкого языка',NULL,141,2045899,0),
(171,' Кафедра французского и испанского языков',NULL,141,2045900,0),
(172,'Реклама и связи с общественностью',NULL,141,2045901,0),
(173,'Журналистика',NULL,141,2045902,0),
(174,'Педагогическое образование: Русский язык и литература',NULL,141,2045903,0),
(175,'Педагогическое образование: Русский язык и иностранный язык',NULL,141,2045904,0),
(176,'Филология: Зарубежная филология',NULL,141,2045905,0),
(177,'Филология: Отечественная филология',NULL,141,2045906,0),
(178,'Лингвистика',NULL,141,2045907,0),
(179,'Перевод и переводоведение',NULL,141,2045908,0),
(180,'Исследование журналистики и медиаобразование',NULL,141,2047973,0),
(181,'Медиапродюсер',NULL,141,2047974,0),
(182,'Электронные СМИ',NULL,141,2047975,0),
(183,'Лингвокультурологическое образование',NULL,141,2047976,0),
(184,'Стилистика речи. Филологический анализ текста. Лингвистическая экспертиза',NULL,141,2047977,0),
(185,'Литература в кросс-культурной перспективе',NULL,141,2047978,0),
(186,'Прикладная коммуникативистика',NULL,141,2047979,0),
(187,'Теория перевода и межкультурная коммуникация',NULL,141,2047980,0),
(188,' Испано-Российский центр языка и культуры ЮФУ',NULL,141,2123550,0),
(189,'Кафедра изобразительного искусства',NULL,142,45750,0),
(190,'Кафедра декоративно-прикладного искусства и проектной графики',NULL,142,45751,0),
(191,' Кафедра бухгалтерского учета и аудита',NULL,143,6837,0),
(192,' Кафедра истории экономических учений',NULL,143,6838,0),
(193,' Кафедра политэкономии и экономической политики',NULL,143,6840,0),
(194,' Кафедра информационной экономики (Прикладной информатики в экономике)',NULL,143,6841,0),
(195,' Кафедра теории и практики государственного регулирования экономики',NULL,143,6842,0),
(196,' Кафедра управления человеческими ресурсами (Экономики и менеджмента)',NULL,143,6845,0),
(197,' Кафедра экономики и предпринимательства ',NULL,143,6846,0),
(198,' Кафедра экономической кибернетики',NULL,143,6847,0),
(199,' Кафедра экономической теории',NULL,143,6848,0),
(200,' Кафедра финансов и кредита',NULL,143,6849,0),
(201,' Кафедра мировой экономики и международных отношений',NULL,143,19972,0),
(202,' Кафедра финансовых технологий и инноваций',NULL,143,2045945,0),
(203,'Экономика',NULL,143,2045946,0),
(204,'Менеджмент',NULL,143,2045947,0),
(205,'Управление персоналом',NULL,143,2045948,0),
(206,'Бизнес-информатика',NULL,143,2045949,0),
(207,' Кафедра международного бизнеса',NULL,143,2090596,0),
(208,'Кафедра экономики и менеджмента',NULL,144,45744,0),
(209,'Кафедра права',NULL,144,45745,0),
(210,' Кафедра гимнастики',NULL,145,1885511,0),
(211,' Кафедра медико-биологических основ физического воспитания',NULL,145,1885512,0),
(212,' Кафедра охраны здоровья человека и безопасности жизнедеятельности',NULL,145,1885513,0),
(213,' Кафедра спортивных дисциплин',NULL,145,1885514,0),
(214,' Кафедра спортивных игр',NULL,145,1885515,0),
(215,' Кафедра теоретических основ физического воспитания',NULL,145,1885516,0),
(216,' Кафедра физической культуры',NULL,145,1885517,0),
(217,' Кафедра физкультурно-оздоровительных технологий',NULL,145,1885518,0),
(218,' Кафедра психологии здоровья и физической культуры',NULL,145,1995806,0),
(219,'Физическая культура',NULL,145,2045814,0),
(220,'Физическая культура и безопасность жизнедеятельности',NULL,145,2045815,0),
(221,'Физическая культура и иностранный язык',NULL,145,2045816,0),
(222,'Образование в области физической культуры и спорта',NULL,145,2045817,0),
(223,'Оздоровительная физическая культура в системе общего и профессионального образования',NULL,145,2045818,0),
(224,'Кафедра регионоведения и этносоциологии',NULL,146,45749,0),
(225,'Кафедра отечественной истории',NULL,146,1369713,0),
(226,'Кафедра всеобщей истории',NULL,146,1369714,0),
(227,'Кафедра социальных коммуникаций и технологий',NULL,146,1369715,0),
(228,'Кафедра управления образованием',NULL,147,45757,0),
(229,'Кафедра педагогики',NULL,147,184384,0),
(230,'Кафедра социологии',NULL,147,184385,0),
(231,'Кафедра философии, теологии и культурологии',NULL,147,184386,0),
(232,'Кафедра анатомии и физиологии детей и подростков',NULL,148,1866359,0),
(233,'Кафедра ботаники и зоологии',NULL,148,1866360,0),
(234,'Кафедра геометрии и методики преподавания математики',NULL,148,1866361,0),
(235,'Кафедра информационных технологий и методики преподавания информатики',NULL,148,1866362,0),
(236,'Кафедра математики, алгебры и математического анализа',NULL,148,1866363,0),
(237,'Кафедра методики преподавания биологии, химии и естествознания',NULL,148,1866364,0),
(238,'Кафедра общей биологии',NULL,148,1866365,0),
(239,'Кафедра физики',NULL,148,1866366,0),
(240,'Кафедра химии',NULL,148,1866367,0),
(241,' Кафедра связи',NULL,149,1848507,0),
(242,' Кафедра тактики, правовой, финансово-экономической подготовки и организации психологической борьбы',NULL,149,1848508,0),
(243,' Кафедра военно-воздушных сил и радиоэлектронной борьбы',NULL,149,1848509,0),
(244,' Кафедра связи и морально-психологического обеспечения',NULL,149,1848510,0),
(245,' Кафедра экономики и предпринимательства (бывш. Экономических дисциплин)',NULL,150,898171,0),
(246,' Кафедра управления',NULL,150,898172,0),
(247,' Кафедра гуманитарных дисциплин',NULL,150,898173,0),
(248,' Кафедра государственных, муниципальных финансов и финансового инжиниринга',NULL,150,1862328,0),
(249,' Кафедра туризма',NULL,150,1871636,0),
(250,' Кафедра экономики и управления в образовании',NULL,150,1871637,0),
(251,' Кафедра технологии организации туроператорской и турагентской деятельности',NULL,150,1871638,0),
(252,' Кафедра экономики и прикладной математики',NULL,150,1955643,0),
(253,' Кафедра международного бизнеса',NULL,150,1955644,0),
(254,'Экономика',NULL,150,2045860,0),
(255,'Менеджмент',NULL,150,2045861,0),
(256,'Торговое дело',NULL,150,2045862,0),
(257,'Сервис',NULL,150,2045863,0),
(258,'Туризм',NULL,150,2045864,0),
(259,'Гостиничное дело',NULL,150,2045865,0),
(260,'Кафедра философии и культурологии',NULL,152,1396956,0),
(261,' Кафедра политической социологии',NULL,157,6892,0),
(262,' Кафедра конфликтологии и национальной безопасности',NULL,157,1908658,0),
(263,' Кафедра региональной социологии и моделирования социальных процессов',NULL,157,1908659,0),
(264,' Кафедра теоретической и прикладной регионалистики ИППК',NULL,157,1908661,0),
(265,' Кафедра отраслевой и прикладной социологии',NULL,157,1908662,0),
(266,' Кафедра социологии, политологии и права ИППК ',NULL,157,1908663,0),
(267,' Кафедра философии и культурологии ИППК',NULL,157,1908664,0),
(268,' Кафедра экономики и регионального менеджмента ИППК',NULL,157,1908665,0),
(269,' Кафедра теоретической социологии и методологии региональных исследований',NULL,157,1995810,0),
(270,' Кафедра экономической социологии и регионального управления',NULL,157,1995811,0),
(271,' Кафедра регионалистики и евразийских исследований',NULL,157,1995812,0),
(272,' Кафедра истории Отечества и Кавказоведения',NULL,157,2045895,0),
(273,'Конфликтология',NULL,157,2045896,0),
(274,'Социология',NULL,157,2045897,0),
(275,'Зарубежное регионоведение',NULL,157,2045898,0),
(276,' Кафедра теории и технологий в менеджменте',NULL,158,6843,0),
(277,' Кафедра маркетинга и коммуникаций в бизнесе (бывш. Теории рынка)',NULL,158,6844,0),
(278,' Кафедра управления развитием пространственно-экономических систем (Отраслевого и территориального управления)',NULL,158,1893426,0),
(279,' Кафедра инновационного и международного менеджмента',NULL,158,1893427,0),
(280,'Менеджмент',NULL,158,2045915,0),
(281,'Государственное и муниципальное управление',NULL,158,2045916,0),
(282,'Практическая психология',NULL,159,1907106,0),
(283,' Кафедра архитектуры жилых и общественных зданий',NULL,160,2045790,0),
(284,' Кафедра градостроительства',NULL,160,2045791,0),
(285,' Кафедра графики и информационных технологий архитектурного проектирования',NULL,160,2045792,0),
(286,' Кафедра декоративно-прикладного искусства',NULL,160,2045793,0),
(287,' Кафедра дизайна',NULL,160,2045794,0),
(288,' Кафедра дизайна архитектурной среды',NULL,160,2045795,0),
(289,' Кафедра живописи, графики и скульптуры',NULL,160,2045796,0),
(290,' Кафедра живописи и скульптуры',NULL,160,2045797,0),
(291,' Кафедра изобразительного искусства',NULL,160,2045798,0),
(292,' Кафедра инженерно-строительных дисциплин',NULL,160,2045799,0),
(293,' Кафедра интерьера',NULL,160,2045800,0),
(294,' Кафедра истории архитектуры, искусства и архитектурной реставрации',NULL,160,2045801,0),
(295,' Кафедра менеджмента в архитектуре, градостроительстве и искусстве',NULL,160,2045802,0),
(296,' Кафедра основ архитектурно-художественного проектирования',NULL,160,2045803,0),
(297,' Кафедра рисунка',NULL,160,2045804,0),
(298,' Кафедра строительной механики и конструкций',NULL,160,2045805,0),
(299,'Архитектура',NULL,160,2045806,0),
(300,'Градостроительство',NULL,160,2045807,0),
(301,'Дизайн',NULL,160,2045808,0),
(302,'Декоративно-прикладное искусство и народные промыслы',NULL,160,2045809,0),
(303,'Монументально-декоративное искусство',NULL,160,2045810,0),
(304,'Живопись',NULL,160,2045811,0),
(305,'Графика',NULL,160,2045812,0),
(306,'Скульптура',NULL,160,2045813,0);

/*Table structure for table `faculty` */

DROP TABLE IF EXISTS `faculty`;

CREATE TABLE `faculty` (
  `id` int(11) NOT NULL AUTO_INCREMENT,
  `name_full` varchar(200) DEFAULT NULL,
  `name_short` varchar(50) NOT NULL,
  `vk_id` int(11) NOT NULL,
  `university_id` int(11) NOT NULL,
  `is_demo` tinyint(1) NOT NULL DEFAULT '0',
  PRIMARY KEY (`id`)
) ENGINE=InnoDB AUTO_INCREMENT=388 DEFAULT CHARSET=utf8;

/*Data for the table `faculty` */

insert  into `faculty`(`id`,`name_full`,`name_short`,`vk_id`,`university_id`,`is_demo`) values 
(-2,'Факультет захвата Железного трона','',-2,-2,1),
(-1,'Факультет прикладных наук','',-1,-1,1),
(81,'Автоматизации и информатики (до 2008)','',2196,2,0),
(82,'Конструкторский (до 2008)','',3147,2,0),
(83,'Международный','',3148,2,0),
(84,'Гуманитарный (до 2008)','',16180,2,0),
(85,'Технологии машиностроения (до 2008)','',28178,2,0),
(86,'Приборостроения и технического регулирования','',797863,2,0),
(87,'Машин и оборудования агропромышленного комплекса','',797864,2,0),
(88,'Транспорта, сервиса и эксплуатации','',797865,2,0),
(89,'Нанотехнологий и композиционных материалов','',797866,2,0),
(90,'Технологии машиностроения (с 2008)','',797867,2,0),
(91,'Безопасности жизнедеятельности и инженерной экологии','',797868,2,0),
(92,'Машиностроительных технологий и оборудования','',797869,2,0),
(93,'Автоматизации, мехатроники и управления','',797870,2,0),
(94,'Информатики и вычислительной техники','',797871,2,0),
(95,'Социально-гуманитарный','',797872,2,0),
(96,'Инновационного бизнеса и менеджмента','',797873,2,0),
(97,'Медиакоммуникаций и мультимедийных технологий','',2150935,2,0),
(98,'Физической культуры, спорта и туризма','',2162616,2,0),
(99,'Права, сервиса и туризма','',2169974,2,0),
(100,'Авиастроения','',2185193,2,0),
(101,'Факультет «Управление процессами перевозок»','',2699,9,0),
(102,'Электромеханический факультет','',6114,9,0),
(103,'Гуманитарный факультет','',6612,9,0),
(104,'Факультет «Экономика, управление и право» (бывш. Международный институт предпринимательства и права)','',9211,9,0),
(105,'Факультет «Дорожно-строительные машины»','',10092,9,0),
(106,'Строительный факультет','',12303,9,0),
(107,'Энергетический факультет','',17935,9,0),
(108,'Заочный факультет','',25402,9,0),
(109,'Факультет «Информационные технологии управления» (Автоматика, телемеханика и связь на ж.-д.транспорте)','',38850,9,0),
(110,'Вечерний факультет','',38851,9,0),
(111,'Факультет военного обучения','',2195117,9,0),
(112,'Институт промышленного и гражданского строительства','',6022,8,0),
(113,'Дорожно-транспортный институт','',10593,8,0),
(114,'Институт информационно-экономических систем (бывш. Институт экономики и управления, Институт информационных систем и технологий)','',13252,8,0),
(115,'Инженерно-строительный институт (бывш. Институт инженерно-экологических систем, Институт строительных технологий и материалов)','',15019,8,0),
(116,'Институт подготовки и переподготовки специалистов','',38846,8,0),
(117,'Институт градостроительства и архитектуры','',2153646,8,0),
(118,'Юридический факультет','',4254,10,0),
(119,'Факультет компьютерных технологий и информационной безопасности','',7263,10,0),
(120,'Факультет лингвистики и журналистики','',25514,10,0),
(121,'Факультет менеджмента и предпринимательства','',2159624,10,0),
(122,'Факультет торгового дела','',2159625,10,0),
(123,'Факультет экономики и финансов','',2159628,10,0),
(124,'Учетно-экономический факультет','',2159631,10,0),
(125,'Институт магистратуры','',2185792,10,0),
(126,'Академия управления','',2150858,15,0),
(127,'Академия экономики и бизнеса','',2150859,15,0),
(128,'Академия права и национальной безопасности','',2150860,15,0),
(129,'Академия международных образовательных программ','',2150861,15,0),
(130,'Институт математики, механики и компьютерных наук (бывш. Механико-математический)','',2132,1,0),
(131,'Академия биологии и биотехнологии (бывш. Биологических наук)','',3134,1,0),
(132,'Институт высоких технологий и пьезотехники','',3135,1,0),
(133,'Институт наук о Земле (бывш. Геолого-географический)','',3136,1,0),
(134,'Институт истории и международных отношений (бывш. Исторический)','',3137,1,0),
(135,'Академия психологии и педагогики (бывш. Академия педагогического образования, Факультет психологии, Факультет педагогики и практической психологии)','',3138,1,0),
(136,'Институт философии и социально-политических наук (бывш. Философии и культурологии)','',3142,1,0),
(137,'Химический  факультет','',3143,1,0),
(138,'Юридический факультет','',3144,1,0),
(139,'Факультет технологии, изобразительного искусства и профессионального образования','',4867,1,0),
(140,'Физический факультет','',7891,1,0),
(141,'Институт филологии, журналистики и межкультурной коммуникации (бывш. Филологии и журналистики, Лингвистики и словесности)','',8738,1,0),
(142,'Факультет изобразительного искусства','',10711,1,0),
(143,'Экономический факультет','',10912,1,0),
(144,'Факультет экономики, управления и права','',12816,1,0),
(145,'Академия физической культуры и спорта','',24990,1,0),
(146,'Факультет социально-исторического образования','',25271,1,0),
(147,'Факультет повышения квалификации и профессиональной переподготовки работников образования','',38818,1,0),
(148,'Факультет естественнонаучного и математического образования','',38824,1,0),
(149,'Факультет военного обучения','',38912,1,0),
(150,'Высшая школа бизнеса (бывш. Институт экономики и внешнеэкономических связей)','',38914,1,0),
(151,'Институт права и управления','',38915,1,0),
(152,'Институт переподготовки и повышения квалификации','',38916,1,0),
(153,'Независимый российско-германский институт журналистики (бывш. Свободный российско-германский институт публицистики)','',1211947,1,0),
(154,'НИИ механики и прикладной математики','',1826259,1,0),
(155,'Северо-Кавказский НИИ экономических и социальных проблем','',2125163,1,0),
(156,'Северо-Кавказский научный центр высшей школы','',2152247,1,0),
(157,'Институт социологии и регионоведения','',2174705,1,0),
(158,'Факультет управления','',2177014,1,0),
(159,'Институт психологии, управления и бизнеса','',2179129,1,0),
(160,'Академия архитектуры и искусств','',2219357,1,0),
(161,'Энергетики и систем коммуникаций','',2090947,3,0),
(162,'Управления и предпринимательства','',2090948,3,0),
(163,'Нефтегазопромышленный','',2140000,3,0),
(164,'Юридический','',34905,6,0),
(165,'Педиатрический факультет','',5596,57,0),
(166,'Лечебно-профилактический факультет','',12343,57,0),
(167,'Медико-биологический факультет','',18104,57,0),
(168,'Международный центр теоретической медицины','',38814,57,0),
(169,'Психолого-социальный факультет','',38815,57,0),
(170,'Стоматологический факультет','',1041675,57,0),
(171,'Факультет высшего сестринского образования','',1041677,57,0),
(172,'Фармацевтический факультет','',1041678,57,0),
(173,'Факультет повышения квалификации и профессиональной переподготовки специалистов','',1041679,57,0),
(174,'Учебный военный центр','',1211976,57,0),
(175,'Медико-профилактический факультет','',1516177,57,0),
(176,'Факультет послевузовского профессионального образования','',2223082,57,0),
(177,'Факультет архитектуры и искусства','',38798,4,0),
(178,'Факультет дизайна','',417728,4,0),
(179,'Факультет подготовки специалистов по программам высшего образования (Юридический)','',26503,11,0),
(180,'Факультет профессиональной подготовки, переподготовки и повышения квалификации','',1593727,11,0),
(181,'Факультет заочного обучения','',1593728,11,0),
(182,'Фортепианный факультет','',25096,5,0),
(183,'Оркестровый факультет','',30434,5,0),
(184,'Факультет эстрадно-джазовой музыки','',38808,5,0),
(185,'Факультет дирижирования, вокального искусства, музыковедения и композиции','',38811,5,0),
(186,'Юридический','',52801,12,0),
(187,'Экономики','',52802,12,0),
(188,'Управления','',2147544,12,0),
(189,'Политологии','',2147547,12,0),
(190,'Переподготовки кадров','',2147548,12,0),
(191,'Психология','',31220,13,0),
(192,'Юридический','',57485,13,0),
(193,'Управление и информационные технологии','',59562,13,0),
(194,'Менеджмент','',60552,13,0),
(195,'Филология','',65240,13,0),
(196,'Финансы и кредит','',98375,13,0),
(197,'Экономический','',98382,13,0),
(198,'Менеджмент','',43043,14,0),
(199,'Мировая экономика','',139703,14,0),
(200,'Государственное и муниципальное управление','',152736,14,0),
(201,'Экономика','',305761,14,0),
(202,'Факультет практической психологии','',13746,16,0),
(203,'Факультет дизайна','',14524,16,0),
(204,'Факультет экономики','',14885,16,0),
(205,'Факультет рекламы и связи с общественностью','',17819,16,0),
(206,'Факультет юриспруденции','',29599,16,0),
(207,'Факультет философии','',38886,16,0),
(208,'Технология рыбы и рыбных производств','',22047,17,0),
(209,'Кафедра бухгалтерского учёта и финансов','',38764,17,0),
(210,'Кафедра экономики и корпоративного управления','',38765,17,0),
(211,'Кафедра математики, физики и информационных технологий','',38766,17,0),
(212,'Кафедра пищевых технологий и оборудования','',38771,17,0),
(213,'Кафедра технологий и товароведения','',38776,17,0),
(214,'Кафедра водные биоресурсы и аквакультура','',38778,17,0),
(215,'Кафедра химии и биологии','',2191662,17,0),
(216,'Факультет подготовки специалистов для судебной системы (Юридический)','',8096,18,0),
(217,'Факультет непрерывного образования по подготовке специалистов для судебной системы','',38783,18,0),
(218,'Факультет повышения квалификации и переподготовки судей, государственных гражданских служащих судов и Судебного департамента (ФПК судей и госслужащих судов)','',2200956,18,0),
(219,'Энергетический (ЭФ)','',8363,19,0),
(220,'Информационных технологий и управления (ФИТУ)','',9252,19,0),
(221,'Механический (МФ)','',29773,19,0),
(222,'Гуманитарного и социально-экономического образования (ФГиСЭО)','',31368,19,0),
(223,'Электромеханики, мехатроники технологических машин (ФЭМТМ)','',33264,19,0),
(224,'Открытого и дистанционного обучения (ФОиДО)','',38887,19,0),
(225,'Горно-геологический (ГГФ)','',38890,19,0),
(226,'Физико-математический (ФМФ)','',38891,19,0),
(227,'Химико-технологический (ХТФ)','',38897,19,0),
(228,'Строительный (СФ)','',38899,19,0),
(229,'Военного обучения (ФВО)','',38900,19,0),
(230,' Факультет таможенного дела','',9311,20,0),
(231,'Юридический факультет','',10361,20,0),
(232,'Экономический факультет','',24469,20,0),
(233,'Факультет повышения квалификации','',307810,20,0),
(234,'Очный факультет','',2166066,21,0),
(235,'Заочный факультет','',2166067,21,0),
(236,'Факультет инфокоммуникаций','',2231512,21,0),
(237,'Иностранных языков','',10778,22,0),
(238,'Факультет экономики и управления (Экономический, Менеджмент)','',13313,24,0),
(239,'Юридический факультет','',14041,24,0),
(240,'Информатика и ВТ','',11312,23,0),
(241,'Экономика','',44581,23,0),
(242,'Юриспруденция','',49446,23,0),
(243,'Психология','',59208,23,0),
(244,'Менеджмент','',72312,23,0),
(245,'Экономический','',27526,25,0),
(246,'Общеинженерный','',38700,25,0),
(247,'Кораблестроительный','',38702,25,0),
(248,'Судоводительский','',38704,25,0),
(249,'Электромеханический','',38705,25,0),
(250,'Юридический','',38706,25,0),
(251,'Заочный','',38707,25,0),
(252,'Психология','',27768,26,0),
(253,'Специальная дошкольная педагогика и психология','',38883,26,0),
(254,'Механико-технологический факультет','',14465,27,0),
(255,'Социально-гуманитарный факультет','',37938,27,0),
(256,'Финансово-экономический факультет','',38902,27,0),
(257,'Экономический факультет','',31668,28,0),
(258,'Агрономический факультет','',38718,28,0),
(259,'Факультет ветеринарной медицины','',38719,28,0),
(260,'Биотехнологический факультет (бывш. Биотехнологии, товароведения и экспертизы товаров, Технологии сельскохозяйственного производства)','',38721,28,0),
(261,'Педагогический факультет','',38722,28,0),
(262,'Факультет заочного обучения','',38723,28,0),
(263,'Факультет дополнительного профессионального образования и повышения квалификации','',38724,28,0),
(264,'Экономический факультет','',36815,30,0),
(265,'Юридический факультет','',38866,30,0),
(266,'Кафедра иностранных языков','',38726,31,0),
(267,'Кафедра информатики и математики (Информационно-правовых технологий и естественнонаучных дисциплин)','',38727,31,0),
(268,'Кафедра теории и истории государства и права','',38728,31,0),
(269,'Кафедра конституционного (государственного) права','',38730,31,0),
(270,'Кафедра гражданского права и гражданского процесса','',38731,31,0),
(271,'Кафедра уголовного права и уголовного процесса','',38732,31,0),
(272,'Кафедра социально-гуманитарных и экономических дисциплин','',38735,31,0),
(273,'Социально-культурная деятельность','',146327,32,0),
(274,'Библиотечно-информационная деятельность','',146329,32,0),
(275,'Актерского мастерства ','',2127331,32,0),
(276,'Юридический факультет','',158758,33,0),
(277,'Бухгалтерский учет, анализ и аудит','',177457,34,0),
(278,'Коммерция','',177458,34,0),
(279,'Менеджмент организации','',177459,34,0),
(280,'Экономика и управление на предприятии','',177461,34,0),
(281,'Юриспруденция','',177463,34,0),
(282,'Финансов и кредита','',2102462,34,0),
(283,'Экономика ','',181047,35,0),
(284,'Менеджмент','',181049,35,0),
(285,'Прикладная информатика','',801761,35,0),
(286,'Юриспруденция','',2198555,35,0),
(287,'Кафедра экономики и управления','',256906,37,0),
(288,'Кафедра менеджмента и управления в социотехнических системах','',256907,37,0),
(289,'Кафедра иностранных языков','',256908,37,0),
(290,'Кафедра философии, социологии и психологии','',256909,37,0),
(291,'Кафедра математических и естественнонаучных дисциплин','',256911,37,0),
(292,'Кафедра экономической безопасности','',2223083,37,0),
(293,'Кафедра гуманитарных, социальных и правовых дисциплин','',2223084,37,0),
(294,'Бухгалтерского учета и статистики','',267637,38,0),
(295,'Информационных систем и защиты информации','',267640,38,0),
(296,'Менеджмента','',267641,38,0),
(297,'Таможенного дела','',267642,38,0),
(298,'Технологический','',267643,38,0),
(299,'Товароведно-коммерческий','',267644,38,0),
(300,'Финансовый','',267645,38,0),
(301,'Экономический','',267646,38,0),
(302,'Юридический','',267647,38,0),
(303,'Судомеханический','',1014254,39,0),
(304,'Судоводительский','',1014255,39,0),
(305,'Электромеханический','',1014256,39,0),
(306,'Заочного и дополнительного образования','',1014257,39,0),
(307,'Эксплуатация судовых энергетических установок','',311662,40,0),
(308,'Организация перевозок и управление на транспорте','',311663,40,0),
(309,'Судовождения','',311664,40,0),
(310,'Управление водным транспортом и гидрографическое обеспечение судоходства','',2153223,40,0),
(311,'Технология транспортных процессов','',2157299,40,0),
(312,'Прикладная информатика в экономике','',348603,41,0),
(313,'Менеджмент организации','',348604,41,0),
(314,'Бухгалтерский учет, анализ и аудит','',348605,41,0),
(315,'Финансы и кредит','',2200919,41,0),
(316,'Физическая культура и спорт','',434148,42,0),
(317,'Адаптивная физическая культура','',434149,42,0),
(318,'Прикладная информатика','',849108,44,0),
(319,'Дефектологический','',540257,43,0),
(320,'Специальной психологии и основ клинической медицины','',540258,43,0),
(321,'Юриспруденция','',2200960,45,0),
(322,'Экономика','',2200961,45,0),
(323,'Менеджмент','',2200962,45,0),
(324,'Метеорологический','',2200958,46,0),
(325,'Гидрологический','',2200959,46,0),
(326,'Экономический факультет','',1192660,47,0),
(327,'Юридический факультет','',1192661,47,0),
(328,'Богословско-пастырское отделение','',2150050,49,0),
(329,'Регентско-певческое отделение','',2150051,49,0),
(330,'Иконописное отделение','',2223075,49,0),
(331,'Театральная и аудиовизуальная техника','',2157959,50,0),
(332,'Аудиовизуальная техника и звукотехническое обеспечение аудиовизуальных программ','',2157960,50,0),
(333,'Экономика и бухгалтерский учет','',2157961,50,0),
(334,'Менеджмент','',2157962,50,0),
(335,'Продюсерство','',2191660,50,0),
(336,'Режиссура кино и телевидения','',2200918,50,0),
(337,'Факультет инженеров морского транспорта','',2159739,51,0),
(338,'Управление заочного обучения','',2200920,51,0),
(339,'Менеджмент','',2200948,52,0),
(340,'Товароведение','',2200949,52,0),
(341,'Юриспруденция','',2200953,52,0),
(342,'Экономика','',2200954,52,0),
(343,'Торговое дело','',2200955,52,0),
(344,'Институт педагогики и психологии (бывш. Педагогический, Психологический)','',2213671,53,0),
(345,'Институт физической культуры','',2213672,53,0),
(346,'Лингвистический институт (бывш. Филологический, Иностранных языков)','',2213673,53,0),
(347,'Институт экономики, управления и права','',2213674,53,0),
(348,'Математики, информатики и физики','',2213675,53,0),
(349,'Естествознания','',2213676,53,0),
(350,'Технологии и предпринимательства (бывш. Индустриально-педагогический)','',2213677,53,0),
(351,'Исторический','',2213678,53,0),
(352,'Художественно-графический','',2213679,53,0),
(353,'Переподготовки и повышения квалификации руководящих работников образования','',2213680,53,0),
(354,'Факультет «Авиастроение»','',2218148,54,0),
(355,'Факультет «Автоматизация, мехатроника и управление»','',2218149,54,0),
(356,'Агропромышленный факультет','',2218150,54,0),
(357,'Факультет «Безопасность жизнедеятельности и инженерная экология»','',2218151,54,0),
(358,'Дорожно-транспортный факультет','',2218152,54,0),
(359,'Инженерно-строительный факультет','',2218153,54,0),
(360,'Факультет «Инновационный бизнес и менеджмент»','',2218154,54,0),
(361,'Факультет «Информатика и вычислительная техника»','',2218155,54,0),
(362,'Факультет «Информационно-экономические системы»','',2218156,54,0),
(363,'Факультет «Машиностроительные технологии и оборудование»','',2218157,54,0),
(364,'Факультет «Медиакоммуникации и мультимедийные технологии»','',2218158,54,0),
(365,'Международный факультет','',2218159,54,0),
(366,'Нефтегазопромышленный факультет','',2218160,54,0),
(367,'Факультет «Право, сервис и туризм»','',2218161,54,0),
(368,'Факультет «Приборостроение и техническое регулирование»','',2218162,54,0),
(369,'Социально-гуманитарный факультет','',2218163,54,0),
(370,'Факультет «Технология машиностроения»','',2218164,54,0),
(371,'Факультет «Транспорт, сервис и эксплуатация»','',2218165,54,0),
(372,'Факультет «Управление и предпринимательство»','',2218166,54,0),
(373,'Факультет «Физическая культура, спорт и туризм»','',2218167,54,0),
(374,'Факультет «Энергетика и системы коммуникаций»','',2218168,54,0),
(375,'Факультет «Юридический»','',2221372,54,0),
(376,'Факультет «Школа архитектуры, дизайна и искусств»','',2221373,54,0),
(377,'Факультет «Психология, педагогика и дефектология»','',2226744,54,0),
(378,'№3 Радиотехнических средств и метрологии','',23889,56,0),
(379,'№2 Системы управления летательных аппаратов','',34786,56,0),
(380,'№1 Стартовые и технические комплексы ракет и космических аппаратов','',38787,56,0),
(381,'№4 Автоматизированные системы управления','',38789,56,0),
(382,'№5','',38791,56,0),
(383,'Политфак','',38792,56,0),
(384,'Кафедра воздушных судов и авиационных двигателей','',185243,36,0),
(385,'Кафедра авиационных электросистем и пилотажно-навигационных комплексов','',185245,36,0),
(386,'Кафедра авиационного электрорадиоприборного оборудования','',185247,36,0),
(387,'Кафедра социально-экономических дисциплин','',185248,36,0);

/*Table structure for table `flat` */

DROP TABLE IF EXISTS `flat`;

CREATE TABLE `flat` (
  `id` int(11) NOT NULL AUTO_INCREMENT,
  `description` varchar(200) DEFAULT NULL,
  `address` varchar(200) NOT NULL,
  `square` varchar(50) NOT NULL,
  `room_num` int(11) NOT NULL,
  `traffic` varchar(300) NOT NULL,
  `rent_pay` int(11) NOT NULL,
  `total_pay` int(11) NOT NULL,
  `enter_date` date NOT NULL,
  `is_demo` tinyint(1) NOT NULL DEFAULT '0',
  PRIMARY KEY (`id`)
) ENGINE=InnoDB AUTO_INCREMENT=36 DEFAULT CHARSET=utf8;

/*Data for the table `flat` */

insert  into `flat`(`id`,`description`,`address`,`square`,`room_num`,`traffic`,`rent_pay`,`total_pay`,`enter_date`,`is_demo`) values 
(21,'Описание','Адрес','400 м2',20,'транспорт',3000,6000,'2017-12-11',1),
(25,'описание1','адрес1','площадь1',2,'транспорт1',1000,2000,'0000-00-00',1),
(26,'описание2','адрес2','площадь2',2,'транспорт2',1500,3000,'0000-00-00',1),
(31,'описание','адрес','56 кв. м.',3,'94, 96',3000,6000,'2017-12-09',1),
(32,'описание','адрес','56кв.м.',3,'94, 96',3000,6000,'2017-12-09',1),
(33,'описание','адрес','56 кв. м.',3,'94, 96',3000,6000,'2017-12-09',1),
(34,'самая уютная квартира на свете1','адрес','25 кв',1,'94, 96 автобус',3000,6000,'2020-12-20',1),
(35,'описание вартиры','адрес квартиры','2222',1,'нет',111,111,'2017-12-20',0);

/*Table structure for table `flat_utility` */

DROP TABLE IF EXISTS `flat_utility`;

CREATE TABLE `flat_utility` (
  `id` int(11) NOT NULL AUTO_INCREMENT,
  `flat_id` int(11) NOT NULL,
  `utility_id` int(11) NOT NULL,
  PRIMARY KEY (`id`)
) ENGINE=InnoDB AUTO_INCREMENT=81 DEFAULT CHARSET=utf8;

/*Data for the table `flat_utility` */

insert  into `flat_utility`(`id`,`flat_id`,`utility_id`) values 
(4,34,1),
(5,34,1),
(6,34,5),
(7,34,1),
(8,34,5),
(18,21,1),
(19,21,4),
(20,21,1),
(21,21,4),
(22,34,1),
(23,34,5),
(24,34,1),
(25,34,5),
(26,34,1),
(27,34,5),
(28,21,1),
(29,21,4),
(30,21,1),
(31,21,4),
(32,34,1),
(33,34,5),
(34,21,1),
(35,21,4),
(36,34,1),
(37,34,5),
(38,34,1),
(39,34,5),
(40,34,1),
(41,34,5),
(42,34,1),
(43,34,5),
(44,34,1),
(45,34,5),
(51,34,1),
(52,34,3),
(53,34,5),
(54,34,1),
(55,34,3),
(56,34,5),
(57,34,1),
(58,34,3),
(59,34,5),
(60,34,1),
(61,34,3),
(62,34,5),
(63,34,1),
(64,34,3),
(65,34,5),
(66,34,1),
(67,34,3),
(68,34,5),
(69,34,1),
(70,34,3),
(71,34,5),
(72,34,1),
(73,34,3),
(74,34,5),
(75,34,1),
(76,34,3),
(77,34,5),
(78,34,1),
(79,34,3),
(80,34,5);

/*Table structure for table `photo` */

DROP TABLE IF EXISTS `photo`;

CREATE TABLE `photo` (
  `id` int(11) NOT NULL AUTO_INCREMENT,
  `src_small` varchar(200) DEFAULT NULL,
  `src_orig` varchar(200) NOT NULL,
  `filename_small` varchar(100) DEFAULT NULL,
  `filename_orig` varchar(100) NOT NULL,
  `width_small` int(11) DEFAULT NULL,
  `height_small` int(11) DEFAULT NULL,
  `width_orig` int(11) NOT NULL,
  `height_orig` int(11) NOT NULL,
  `flat_id` int(11) DEFAULT NULL,
  `date_created` datetime NOT NULL,
  `date_updated` datetime NOT NULL,
  `temporary_user_id` int(11) DEFAULT NULL,
  PRIMARY KEY (`id`)
) ENGINE=InnoDB AUTO_INCREMENT=26 DEFAULT CHARSET=utf8;

/*Data for the table `photo` */

insert  into `photo`(`id`,`src_small`,`src_orig`,`filename_small`,`filename_orig`,`width_small`,`height_small`,`width_orig`,`height_orig`,`flat_id`,`date_created`,`date_updated`,`temporary_user_id`) values 
(12,'/images/uploads/user_19/1512847436518.jpg','/images/uploads/user_19/1512847436518.jpg','1512847436518.jpg','1512847436518.jpg',1412,1438,1412,1438,0,'2017-12-09 22:23:56','2017-12-09 22:23:56',NULL),
(13,'/images/uploads/user_19/1512848039926.jpg','/images/uploads/user_19/1512848039926.jpg','1512848039926.jpg','1512848039926.jpg',822,800,822,800,0,'2017-12-09 22:33:59','2017-12-09 22:33:59',NULL),
(14,'/images/uploads/user_19/1512848071858.jpg','/images/uploads/user_19/1512848071858.jpg','1512848071858.jpg','1512848071858.jpg',822,800,822,800,0,'2017-12-09 22:34:31','2017-12-09 22:34:31',NULL),
(20,'/images/uploads/user_19/1512941196664.jpg','/images/uploads/user_19/1512941196664.jpg','1512941196664.jpg','1512941196664.jpg',275,183,275,183,21,'2017-12-11 00:26:36','2017-12-11 00:26:36',NULL),
(21,'/images/uploads/user_19/1512986131106.jpg','/images/uploads/user_19/1512986131106.jpg','1512986131106.jpg','1512986131106.jpg',620,413,620,413,34,'2017-12-11 12:55:31','2017-12-11 12:55:31',NULL),
(23,'/images/uploads/user_27/1513773343164.jpg','/images/uploads/user_27/1513773343164.jpg','1513773343164.jpg','1513773343164.jpg',1000,749,1000,749,NULL,'2017-12-20 15:35:43','2017-12-20 15:35:43',NULL),
(24,'/images/uploads/user_27/1513773683124.jpg','/images/uploads/user_27/1513773683124.jpg','1513773683124.jpg','1513773683124.jpg',3264,1836,3264,1836,NULL,'2017-12-20 15:41:23','2017-12-20 15:41:23',NULL),
(25,'/images/uploads/user_27/1513773879384.jpg','/images/uploads/user_27/1513773879384.jpg','1513773879384.jpg','1513773879384.jpg',1365,2048,1365,2048,NULL,'2017-12-20 15:44:39','2017-12-20 15:44:39',NULL);

/*Table structure for table `post` */

DROP TABLE IF EXISTS `post`;

CREATE TABLE `post` (
  `id` int(11) NOT NULL AUTO_INCREMENT,
  `type` enum('find-flat','find-roommate') NOT NULL,
  `enter_date` varchar(50) DEFAULT NULL,
  `date_created` datetime NOT NULL,
  `date_updated` datetime NOT NULL,
  `user_sex` enum('мужской','женский','не важно') DEFAULT NULL,
  `user_activity` enum('интроверт','экстраверт','не важно') DEFAULT NULL,
  `user_badhabbits` enum('курение','алкоголь','алкоголь и курение','нет','не важно') DEFAULT NULL,
  `user_pets` enum('небольшие только','не важно','обожаю живность') DEFAULT NULL,
  `user_id` int(11) NOT NULL,
  `flat_internet` tinyint(1) DEFAULT NULL,
  `flat_microwave` tinyint(1) DEFAULT NULL,
  `flat_room_num` int(11) DEFAULT NULL,
  `flat_total_pay` int(11) DEFAULT NULL,
  `flat_square` int(11) DEFAULT NULL,
  `flat_conditioner` tinyint(1) DEFAULT NULL,
  `flat_coffee` tinyint(1) DEFAULT NULL,
  `user_age_range` enum('18-25','18-30','не важно') DEFAULT NULL,
  `user_university` varchar(200) DEFAULT NULL,
  `user_car` tinyint(1) DEFAULT NULL,
  `user_success` enum('не важно','хорошист','отличник') DEFAULT NULL,
  `rent_pay` int(11) DEFAULT NULL,
  `flat_parking` tinyint(1) DEFAULT NULL,
  PRIMARY KEY (`id`)
) ENGINE=InnoDB DEFAULT CHARSET=utf8;

/*Data for the table `post` */

/*Table structure for table `priority` */

DROP TABLE IF EXISTS `priority`;

CREATE TABLE `priority` (
  `id` int(11) NOT NULL AUTO_INCREMENT,
  `display_name_full` varchar(150) NOT NULL,
  `display_name_short` varchar(75) NOT NULL,
  `display_order` int(11) NOT NULL,
  PRIMARY KEY (`id`)
) ENGINE=InnoDB AUTO_INCREMENT=10 DEFAULT CHARSET=utf8;

/*Data for the table `priority` */

insert  into `priority`(`id`,`display_name_full`,`display_name_short`,`display_order`) values 
(3,'Социальная активность румейта?','Социальная активность',3),
(4,'Вредные привычки?','Вредные привычки?',4),
(5,'Домашние животные?','Домашние животные?',5),
(6,'Наличие машины?','Наличие машины?',6),
(8,'Желаемый уровень успеваемости соседа?','Успеваемость?',8),
(9,'Важна ли чистота и порядок?','Чистота и порядок?',9);

/*Table structure for table `priority_option` */

DROP TABLE IF EXISTS `priority_option`;

CREATE TABLE `priority_option` (
  `id` int(11) NOT NULL AUTO_INCREMENT,
  `name` varchar(100) NOT NULL,
  `priority_id` int(11) NOT NULL,
  `default` tinyint(1) NOT NULL DEFAULT '0',
  PRIMARY KEY (`id`),
  KEY `character_fk` (`priority_id`)
) ENGINE=InnoDB AUTO_INCREMENT=30 DEFAULT CHARSET=utf8;

/*Data for the table `priority_option` */

insert  into `priority_option`(`id`,`name`,`priority_id`,`default`) values 
(7,'Не важна',3,1),
(8,'Интроверт',3,0),
(9,'Экстраверт',3,0),
(10,'Не важно',4,1),
(11,'Курит',4,0),
(12,'Курит и пьет',4,0),
(13,'Не курит и не пьет',4,0),
(14,'Не важно',5,1),
(15,'Небольшие только',5,0),
(16,'Обожаю живность',5,0),
(17,'Не важно',6,1),
(18,'Есть',6,0),
(19,'Нет',6,0),
(24,'Не важна',8,1),
(25,'Отличник',8,0),
(26,'Хорошист',8,0),
(27,'Не важно',9,1),
(28,'Важно',9,0),
(29,'Люблю когда грязно',9,0);

/*Table structure for table `roommate_request` */

DROP TABLE IF EXISTS `roommate_request`;

CREATE TABLE `roommate_request` (
  `id` int(11) NOT NULL AUTO_INCREMENT,
  `from_user_id` int(11) NOT NULL,
  `to_user_id` int(11) NOT NULL,
  `status` enum('pending','accepted','declined') NOT NULL,
  `is_viewed` tinyint(1) NOT NULL DEFAULT '0',
  `date_created` datetime NOT NULL,
  `date_updated` datetime NOT NULL,
  PRIMARY KEY (`id`)
) ENGINE=InnoDB AUTO_INCREMENT=4 DEFAULT CHARSET=utf8;

/*Data for the table `roommate_request` */

insert  into `roommate_request`(`id`,`from_user_id`,`to_user_id`,`status`,`is_viewed`,`date_created`,`date_updated`) values 
(1,19,1,'pending',0,'2017-12-14 16:02:35','2017-12-14 16:02:40'),
(2,2,19,'declined',0,'2017-12-14 16:02:56','2017-12-14 16:02:59'),
(3,19,27,'accepted',0,'2018-01-03 21:35:07','2018-01-03 21:35:07');

/*Table structure for table `session` */

DROP TABLE IF EXISTS `session`;

CREATE TABLE `session` (
  `token` varchar(32) NOT NULL,
  `user_id` int(11) NOT NULL,
  PRIMARY KEY (`token`)
) ENGINE=InnoDB DEFAULT CHARSET=utf8;

/*Data for the table `session` */

insert  into `session`(`token`,`user_id`) values 
('0Pr739ro6trVjKdmHpXoV7zTeMyHWSP1',19),
('12RD5oMOwcJg4vGF4Lh32QcOKgLakmZN',19),
('2OxSLp7kvVuLmVg1sluC94BjXZCRJjJj',19),
('4EQ9ozRKvZR2EsOymk1oMHj7BkNcWXC1',19),
('5F318PAfQl3X5rPrCl502xpI3HMIFm4T',19),
('Bmmj1tsDoC90AuJH5OuMwRD33TKC7jVZ',28),
('bPtXcD2a9gTw3lB49HOllIP1cV33hMfe',19),
('DbRc2F9kEj3rm7tkVgZhCkt1PKONPLW1',19),
('eBAu8EXnUGKv07GYx9RbVqGYasaWBK8j',19),
('evR0To3eP4orZhTg0jOQCdO4KOCMInX0',19),
('is5Ri8Dyrh4bzlEKkjEqemMAbaxRSz4M',29),
('IWV6ulZZPyl0bZpUe6INseFTv40BxGgp',19),
('iZOzdcofrZKl6fvLvvTHGqPrTUA3dZpI',28),
('MckjqJ7YvFfVyyvgMCwoCBC5VlYLFWnx',19),
('ME8gocqmkgPFwji9NyRhp80yDjfjsARV',19),
('OD11Ex1YekY8S2gSpLFdgAtHoOl4Er1e',19),
('oZngv0TYnKB6dLfzG5Y3Pgu5bFRD7Wd8',19),
('q7P7jUnHpeVeyJmSgUhy8awYeqpTkgdl',19),
('rroFQ7doQ5JtaySXKadboIipnCj4piMh',19),
('RtkpKscQzV63hvdGPuaEsDfhwUiQpZju',19),
('VOxEXZKZNQEEkgA16hu2Dui4hyWGQuQd',27),
('WOLw9iKKT4pzYyfKEOPcayeDgLO1VAFt',19),
('X73uDxnRb80tfZgUPD2j7R6dwFhwDmsv',29),
('xAWjqmHea9dVkDIOPz6lTpAIkpNV62k2',19),
('xLHZU8pvhbo2qQM5I9pln5QSDwgSQ803',19),
('yEiKtKzVYF7vq8FwRem4d8YmOIDOknun',19),
('YXQkkA1GiPq8VMcGDestdk2tL6Clef4e',19);

/*Table structure for table `studyyear` */

DROP TABLE IF EXISTS `studyyear`;

CREATE TABLE `studyyear` (
  `id` varchar(2) NOT NULL,
  `name_full` varchar(150) NOT NULL,
  `name_short` varchar(100) DEFAULT NULL,
  PRIMARY KEY (`id`)
) ENGINE=InnoDB DEFAULT CHARSET=utf8;

/*Data for the table `studyyear` */

insert  into `studyyear`(`id`,`name_full`,`name_short`) values 
('1','1 курс',NULL),
('1М','1 год магистратуры',NULL),
('2','2 курс',NULL),
('2М','2 год магистратуры',NULL),
('3','3 курс',NULL),
('4','4 курс',NULL),
('5','5 курс',NULL),
('АС','аспирант',NULL);

/*Table structure for table `university` */

DROP TABLE IF EXISTS `university`;

CREATE TABLE `university` (
  `id` int(11) NOT NULL AUTO_INCREMENT,
  `name_full` varchar(300) DEFAULT NULL,
  `name_short` varchar(100) NOT NULL,
  `vk_id` int(11) NOT NULL,
  `is_demo` tinyint(1) NOT NULL DEFAULT '0',
  PRIMARY KEY (`id`)
) ENGINE=InnoDB AUTO_INCREMENT=58 DEFAULT CHARSET=utf8;

/*Data for the table `university` */

insert  into `university`(`id`,`name_full`,`name_short`,`vk_id`,`is_demo`) values 
(-2,NULL,'Институт благородных Кхалиси',-2,1),
(-1,NULL,'Стена (Университет Винтерфелла для бастардов)',-1,1),
(1,'','ЮФУ (бывш. РГУ)',3415,0),
(2,NULL,'ДГТУ (бывш. РИСХМ)',749,0),
(3,NULL,'ИЭиМ ДГТУ (бывш. РГАСХМ)',750,0),
(4,NULL,'ААрхИ ЮФУ (бывш. ИАрхИ, РГААиИ)',751,0),
(5,NULL,'РГК им. Рахманинова',752,0),
(6,NULL,'РИБиП\r\n',753,0),
(8,NULL,'АСА ДГТУ (бывш. РГСУ)',756,0),
(9,NULL,'РГУПС (бывш. РИИЖТ)',758,0),
(10,NULL,'РГЭУ РИНХ',759,0),
(11,NULL,'РЮИ МВД РФ\r\n',760,0),
(12,NULL,'РАНХиГС (СКАГС) при Президенте РФ',761,0),
(13,NULL,'ИБиП\r\n',762,0),
(14,NULL,'ИМБ\r\n',763,0),
(15,NULL,'ИУБиП\r\n',764,0),
(16,NULL,'ЮРГИ\r\n',765,0),
(17,NULL,'МГУТУ (РФ)',2982,0),
(18,NULL,'РГУП (РФ) (бывш. РФ РАП)',3581,0),
(19,NULL,'ЮРГТУ (НПИ)',3727,0),
(20,NULL,'РТА (РФ)',3745,0),
(21,NULL,'МТУСИ (СКФ)',4698,0),
(22,NULL,'РИНЯЗ',5109,0),
(23,NULL,'СГА',5406,0),
(24,NULL,'РСЭИ',6607,0),
(25,NULL,'ВГАВТ (РФ)',15339,0),
(26,NULL,'СКИАПП',15466,0),
(27,NULL,'ИСИТ ДГТУ (бывш. РТИСТ  ЮРГУЭС)',17155,0),
(28,NULL,'ДонГАУ (бывш. ДСХИ)',17782,0),
(29,NULL,'МЭСИ (ДФ)',19139,0),
(30,NULL,'РИЗП',20295,0),
(31,NULL,'ДЮИ',21194,0),
(32,NULL,'СПбГУКИ (РФ)',57100,0),
(33,NULL,'РЮИ ВГУЮ (бывш. РПА МЮ РФ)',84304,0),
(34,NULL,'РГТЭУ (РИ)',93146,0),
(35,NULL,'МосАП (РФ)',94863,0),
(36,NULL,'МГТУ ГА (РФ)',96782,0),
(37,NULL,'РМИЭУ',133751,0),
(38,NULL,'РИК (ф) БУКЭП (бывш. БУПК РФ)',139990,0),
(39,NULL,'МГАВТ (РФ)',141835,0),
(40,NULL,'РФ ГМУ им. адм. Ушакова (МГА им. Ушакова)',167296,0),
(41,NULL,'ЕАОИ (ДФ)',191391,0),
(42,NULL,'РИФКиС (ф) КГУФКСиТ',244001,0),
(43,NULL,'МГГУ им. Шолохова (РФ)',298234,0),
(44,NULL,'РИПИ',439825,0),
(45,NULL,'МИПП (РФ)',459686,0),
(46,NULL,'РГГМУ (РФ)',461494,0),
(47,NULL,'МУ им. С. Ю. Витте (бывш. МИЭМП) (РФ)',583877,0),
(48,NULL,'ИУиИАП ДГТУ',1164357,0),
(49,NULL,'ДДС',1171123,0),
(50,NULL,'ВГИК (РФ)',1172319,0),
(51,NULL,'ИВТ им. Седова (филиал ГМУ им. Ушакова)',1172842,0),
(52,NULL,'РИ (ф) РЭУ им. Г. В. Плеханова',1174939,0),
(53,NULL,'РГПУ',1187488,0),
(54,NULL,'ДГТУ (с 2016)',1187868,0),
(55,NULL,'РИПК и ППРО',1188065,0),
(56,NULL,'РВИРВ им. Неделина',1189601,0),
(57,NULL,'РостГМУ',754,0);

/*Table structure for table `user` */

DROP TABLE IF EXISTS `user`;

CREATE TABLE `user` (
  `id` int(11) NOT NULL AUTO_INCREMENT,
  `first_name` varchar(100) NOT NULL,
  `last_name` varchar(100) NOT NULL,
  `birth_date` datetime NOT NULL,
  `age` int(11) NOT NULL,
  `about` text,
  `phone` varchar(50) DEFAULT NULL,
  `email` varchar(100) DEFAULT NULL,
  `avatar` varchar(200) NOT NULL DEFAULT '/images/photo.jpg' COMMENT '200x200',
  `sex` enum('мужской','женский','не важно') NOT NULL,
  `wish_pay` int(11) DEFAULT NULL,
  `city` varchar(100) DEFAULT NULL,
  `study_year` varchar(50) DEFAULT NULL,
  `date_register` datetime NOT NULL,
  `register_from_vk` tinyint(1) DEFAULT NULL,
  `password` varchar(100) DEFAULT NULL,
  `login` varchar(100) DEFAULT NULL,
  `vk_id` int(11) NOT NULL,
  `flat_id` int(11) DEFAULT NULL,
  `char_activity` enum('не важно','интроверт','экстраверт') DEFAULT NULL,
  `char_habbits` enum('не важно','курит','пьет','курит и пьет','не курит и не пьет') DEFAULT NULL,
  `char_pets` enum('не важно','только небольшие','обожаю животных') DEFAULT NULL,
  `char_age` enum('18-25','18-30','не важно') DEFAULT NULL,
  `char_car` enum('не важно','есть','нет') DEFAULT NULL,
  `char_university` enum('не важно') DEFAULT NULL,
  `complains_available` int(11) NOT NULL DEFAULT '2',
  `university_id` int(11) DEFAULT NULL,
  `faculty_id` int(11) DEFAULT NULL,
  `department_id` int(11) DEFAULT NULL,
  `is_demo` tinyint(1) NOT NULL DEFAULT '0',
  PRIMARY KEY (`id`)
) ENGINE=InnoDB AUTO_INCREMENT=20 DEFAULT CHARSET=utf8;

/*Data for the table `user` */

insert  into `user`(`id`,`first_name`,`last_name`,`birth_date`,`age`,`about`,`phone`,`email`,`avatar`,`sex`,`wish_pay`,`city`,`study_year`,`date_register`,`register_from_vk`,`password`,`login`,`vk_id`,`flat_id`,`char_activity`,`char_habbits`,`char_pets`,`char_age`,`char_car`,`char_university`,`complains_available`,`university_id`,`faculty_id`,`department_id`,`is_demo`) values 
(1,'Джон','Сноу','1995-12-10 00:00:00',22,'Джон Сноу (урождённый Эйгон Таргариен) — сын Рейгара Таргариена и Лианны Старк, наследник Железного трона. Считается внебрачным сыном лорда Винтерфелла Эддарда Старка.','+7(999)-999-99-99','johnsnow@gameofthrones.com','/images/john_snow.jpg','мужской',0,'Винтерфелл','80','2017-11-12 06:00:57',0,'john','john',0,21,NULL,NULL,NULL,'18-25',NULL,NULL,1,1,131,NULL,1),
(2,'Дейнерис','Таргариен','1995-06-15 00:00:00',22,'Дейнерис Таргариен — дочь «Безумного короля» Эйриса II и королевы Рейлы, свергнутых с железного трона во время восстания Роберта. Младшая сестра Рейгара и Визериса Таргариенов.','+7(333)-333-33-33','daenerys@gameofthrones.com','/images/daenerys.png','женский',0,'Пентос','80','2017-11-12 06:20:04',0,'daenerys','daenerys',0,NULL,NULL,NULL,NULL,'18-25',NULL,NULL,1,-2,-2,NULL,1),
(19,'Кирилл','Владыкин','1989-06-28 00:00:00',28,'Одинокий мужчина ну в пооолном расцвете сил','+7(111)-111-11-11','kirillmybox@rambler.ru','/images/uploads/user_19/1513848006547.png','мужской',NULL,'Ростов-на-Дону','5','2017-12-02 20:30:47',1,NULL,NULL,16718732,34,NULL,NULL,NULL,NULL,NULL,NULL,0,1,130,23,1);

/*Table structure for table `user_complains` */

DROP TABLE IF EXISTS `user_complains`;

CREATE TABLE `user_complains` (
  `id` int(11) NOT NULL AUTO_INCREMENT,
  `from_user_id` int(11) NOT NULL,
  `to_user_id` int(11) NOT NULL,
  `complain_id` int(11) NOT NULL,
  `comment` varchar(500) DEFAULT NULL,
  `date_created` datetime NOT NULL,
  `is_processed` tinyint(1) NOT NULL DEFAULT '0',
  `date_processed` datetime DEFAULT NULL,
  PRIMARY KEY (`id`)
) ENGINE=InnoDB AUTO_INCREMENT=2 DEFAULT CHARSET=utf8;

/*Data for the table `user_complains` */

insert  into `user_complains`(`id`,`from_user_id`,`to_user_id`,`complain_id`,`comment`,`date_created`,`is_processed`,`date_processed`) values 
(1,19,2,1,'1111','2017-12-21 12:35:22',0,NULL);

/*Table structure for table `user_priority_option` */

DROP TABLE IF EXISTS `user_priority_option`;

CREATE TABLE `user_priority_option` (
  `id` int(11) NOT NULL AUTO_INCREMENT,
  `user_id` int(11) NOT NULL,
  `priority_option_id` int(11) NOT NULL,
  PRIMARY KEY (`id`),
  KEY `user_fk` (`user_id`),
  KEY `character_value_fk` (`priority_option_id`)
) ENGINE=InnoDB AUTO_INCREMENT=751 DEFAULT CHARSET=utf8;

/*Data for the table `user_priority_option` */

insert  into `user_priority_option`(`id`,`user_id`,`priority_option_id`) values 
(499,2,1),
(500,2,4),
(501,2,7),
(502,2,10),
(503,2,14),
(504,2,17),
(505,2,20),
(506,2,24),
(507,2,27),
(571,1,1),
(572,1,4),
(573,1,8),
(574,1,13),
(575,1,14),
(576,1,18),
(577,1,21),
(578,1,24),
(579,1,27),
(607,22,1),
(608,22,4),
(609,22,7),
(610,22,10),
(611,22,14),
(612,22,17),
(613,22,20),
(614,22,24),
(615,22,27),
(679,27,1),
(680,27,4),
(681,27,9),
(682,27,13),
(683,27,15),
(684,27,17),
(685,27,20),
(686,27,24),
(687,27,28),
(745,19,8),
(746,19,11),
(747,19,15),
(748,19,19),
(749,19,24),
(750,19,28);

/*Table structure for table `utility` */

DROP TABLE IF EXISTS `utility`;

CREATE TABLE `utility` (
  `id` int(11) NOT NULL AUTO_INCREMENT,
  `display_name` varchar(50) NOT NULL,
  `display_order` int(11) NOT NULL,
  PRIMARY KEY (`id`)
) ENGINE=InnoDB AUTO_INCREMENT=6 DEFAULT CHARSET=utf8;

/*Data for the table `utility` */

insert  into `utility`(`id`,`display_name`,`display_order`) values 
(1,'Кондиционер',1),
(2,'Микроволновка',2),
(3,'Кофемашина',3),
(4,'Парковка',4),
(5,'Wi-fi',5);

/*Table structure for table `v_education` */

DROP TABLE IF EXISTS `v_education`;

/*!50001 DROP VIEW IF EXISTS `v_education` */;
/*!50001 DROP TABLE IF EXISTS `v_education` */;

/*!50001 CREATE TABLE  `v_education`(
 `id` int(11) ,
 `first_name` varchar(100) ,
 `last_name` varchar(100) ,
 `faculty_id` int(11) ,
 `faculty_name` varchar(200) ,
 `university_id` int(11) ,
 `university_name` varchar(100) 
)*/;

/*Table structure for table `v_priority` */

DROP TABLE IF EXISTS `v_priority`;

/*!50001 DROP VIEW IF EXISTS `v_priority` */;
/*!50001 DROP TABLE IF EXISTS `v_priority` */;

/*!50001 CREATE TABLE  `v_priority`(
 `option_id` int(11) ,
 `option_name` varchar(100) ,
 `priority_id` int(11) ,
 `priority_name_full` varchar(150) ,
 `priority_name_short` varchar(75) ,
 `order` int(11) 
)*/;

/*Table structure for table `v_user` */

DROP TABLE IF EXISTS `v_user`;

/*!50001 DROP VIEW IF EXISTS `v_user` */;
/*!50001 DROP TABLE IF EXISTS `v_user` */;

/*!50001 CREATE TABLE  `v_user`(
 `user_id` int(11) ,
 `user_first_name` varchar(100) ,
 `user_last_name` varchar(100) ,
 `user_age` int(11) ,
 `user_sex` enum('мужской','женский','не важно') ,
 `user_birth_date` varchar(10) ,
 `user_about` text ,
 `user_avatar` varchar(200) ,
 `user_name` varchar(201) ,
 `user_phone` varchar(50) ,
 `user_email` varchar(100) ,
 `user_city` varchar(100) ,
 `user_study_year` varchar(50) ,
 `user_wish_pay` int(11) ,
 `user_date_register` datetime ,
 `university_id` int(11) ,
 `university_name` varchar(100) ,
 `faculty_id` int(11) ,
 `faculty_name` varchar(200) ,
 `department_id` int(11) ,
 `department_name` varchar(250) ,
 `flat_id` int(11) ,
 `flat_description` varchar(200) ,
 `flat_square` varchar(50) ,
 `flat_traffic` varchar(300) ,
 `flat_address` varchar(200) ,
 `flat_room_num` int(11) ,
 `flat_rent_pay` int(11) ,
 `flat_total_pay` int(11) ,
 `flat_first_photo` varchar(200) ,
 `flat_enter_date` varchar(10) 
)*/;

/*Table structure for table `v_user_priority` */

DROP TABLE IF EXISTS `v_user_priority`;

/*!50001 DROP VIEW IF EXISTS `v_user_priority` */;
/*!50001 DROP TABLE IF EXISTS `v_user_priority` */;

/*!50001 CREATE TABLE  `v_user_priority`(
 `priority_id` int(11) ,
 `priority_name_full` varchar(150) ,
 `option_id` int(11) ,
 `option_name` varchar(100) ,
 `user_id` int(11) 
)*/;

/*View structure for view v_education */

/*!50001 DROP TABLE IF EXISTS `v_education` */;
/*!50001 DROP VIEW IF EXISTS `v_education` */;

/*!50001 CREATE ALGORITHM=UNDEFINED DEFINER=`root`@`localhost` SQL SECURITY DEFINER VIEW `v_education` AS (select `user`.`id` AS `id`,`user`.`first_name` AS `first_name`,`user`.`last_name` AS `last_name`,`faculty`.`id` AS `faculty_id`,`faculty`.`name_full` AS `faculty_name`,`university`.`id` AS `university_id`,`university`.`name_short` AS `university_name` from ((`user` join `university` on((`user`.`university_id` = `university`.`id`))) join `faculty` on((`user`.`faculty_id` = `faculty`.`id`)))) */;

/*View structure for view v_priority */

/*!50001 DROP TABLE IF EXISTS `v_priority` */;
/*!50001 DROP VIEW IF EXISTS `v_priority` */;

/*!50001 CREATE ALGORITHM=UNDEFINED DEFINER=`root`@`localhost` SQL SECURITY DEFINER VIEW `v_priority` AS (select `priority_option`.`id` AS `option_id`,`priority_option`.`name` AS `option_name`,`priority`.`id` AS `priority_id`,`priority`.`display_name_full` AS `priority_name_full`,`priority`.`display_name_short` AS `priority_name_short`,`priority`.`display_order` AS `order` from (`priority` join `priority_option` on((`priority_option`.`priority_id` = `priority`.`id`))) order by `priority`.`display_order`) */;

/*View structure for view v_user */

/*!50001 DROP TABLE IF EXISTS `v_user` */;
/*!50001 DROP VIEW IF EXISTS `v_user` */;

/*!50001 CREATE ALGORITHM=TEMPTABLE DEFINER=`root`@`localhost` SQL SECURITY DEFINER VIEW `v_user` AS (select `user`.`id` AS `user_id`,`user`.`first_name` AS `user_first_name`,`user`.`last_name` AS `user_last_name`,`user`.`age` AS `user_age`,`user`.`sex` AS `user_sex`,date_format(`user`.`birth_date`,'%d.%m.%Y') AS `user_birth_date`,`user`.`about` AS `user_about`,`user`.`avatar` AS `user_avatar`,concat(`user`.`first_name`,' ',`user`.`last_name`) AS `user_name`,`user`.`phone` AS `user_phone`,`user`.`email` AS `user_email`,`user`.`city` AS `user_city`,`user`.`study_year` AS `user_study_year`,`user`.`wish_pay` AS `user_wish_pay`,`user`.`date_register` AS `user_date_register`,`university`.`id` AS `university_id`,`university`.`name_short` AS `university_name`,`faculty`.`id` AS `faculty_id`,`faculty`.`name_full` AS `faculty_name`,`department`.`id` AS `department_id`,`department`.`name_full` AS `department_name`,`user`.`flat_id` AS `flat_id`,`flat`.`description` AS `flat_description`,`flat`.`square` AS `flat_square`,`flat`.`traffic` AS `flat_traffic`,`flat`.`address` AS `flat_address`,`flat`.`room_num` AS `flat_room_num`,`flat`.`rent_pay` AS `flat_rent_pay`,`flat`.`total_pay` AS `flat_total_pay`,(select `photo`.`src_small` from `photo` where (`photo`.`flat_id` = `flat`.`id`) limit 1) AS `flat_first_photo`,date_format(`flat`.`enter_date`,'%d.%m.%Y') AS `flat_enter_date` from ((((`user` left join `flat` on((`user`.`flat_id` = `flat`.`id`))) left join `university` on((`university`.`id` = `user`.`university_id`))) left join `faculty` on((`faculty`.`id` = `user`.`faculty_id`))) left join `department` on((`department`.`id` = `user`.`department_id`)))) */;

/*View structure for view v_user_priority */

/*!50001 DROP TABLE IF EXISTS `v_user_priority` */;
/*!50001 DROP VIEW IF EXISTS `v_user_priority` */;

/*!50001 CREATE ALGORITHM=UNDEFINED DEFINER=`root`@`localhost` SQL SECURITY DEFINER VIEW `v_user_priority` AS (select `priority`.`id` AS `priority_id`,`priority`.`display_name_full` AS `priority_name_full`,`priority_option`.`id` AS `option_id`,`priority_option`.`name` AS `option_name`,`user_priority_option`.`user_id` AS `user_id` from ((`user_priority_option` join `priority_option` on((`user_priority_option`.`priority_option_id` = `priority_option`.`id`))) join `priority` on((`priority_option`.`priority_id` = `priority`.`id`)))) */;

/*!40101 SET SQL_MODE=@OLD_SQL_MODE */;
/*!40014 SET FOREIGN_KEY_CHECKS=@OLD_FOREIGN_KEY_CHECKS */;
/*!40014 SET UNIQUE_CHECKS=@OLD_UNIQUE_CHECKS */;
/*!40111 SET SQL_NOTES=@OLD_SQL_NOTES */;
