/*
SQLyog Community v12.2.4 (64 bit)
MySQL - 5.5.25 : Database - onemarkt_alaskaroom
*********************************************************************
*/

/*!40101 SET NAMES utf8 */;

/*!40101 SET SQL_MODE=''*/;

/*!40014 SET @OLD_UNIQUE_CHECKS=@@UNIQUE_CHECKS, UNIQUE_CHECKS=0 */;
/*!40014 SET @OLD_FOREIGN_KEY_CHECKS=@@FOREIGN_KEY_CHECKS, FOREIGN_KEY_CHECKS=0 */;
/*!40101 SET @OLD_SQL_MODE=@@SQL_MODE, SQL_MODE='NO_AUTO_VALUE_ON_ZERO' */;
/*!40111 SET @OLD_SQL_NOTES=@@SQL_NOTES, SQL_NOTES=0 */;
CREATE DATABASE /*!32312 IF NOT EXISTS*/`onemarkt_alaskaroom` /*!40100 DEFAULT CHARACTER SET utf8 */;

USE `onemarkt_alaskaroom`;

/*Table structure for table `access_token` */

DROP TABLE IF EXISTS `access_token`;

CREATE TABLE `access_token` (
  `id` int(11) NOT NULL AUTO_INCREMENT,
  `access_token` varchar(100) NOT NULL,
  `expires_in` int(11) NOT NULL,
  `user_id` int(11) DEFAULT NULL,
  `date_created` datetime NOT NULL,
  `vk_id` int(11) NOT NULL,
  PRIMARY KEY (`id`)
) ENGINE=InnoDB AUTO_INCREMENT=167 DEFAULT CHARSET=utf8;

/*Data for the table `access_token` */

insert  into `access_token`(`id`,`access_token`,`expires_in`,`user_id`,`date_created`,`vk_id`) values 
(131,'88b4a1df3ffdee73c92f970f1d4701f1d3536fa02dba70ec39',86399,NULL,'2017-12-23 23:12:34',16718732),
(132,'d8f6372112645688d1e3d8663058b2032d804717ffde504892',86399,NULL,'2017-12-25 14:54:35',16718732),
(133,'fb551488f20f5c755a9b7a1470c2a6f383bbd4ba6d49a5f179',86399,NULL,'2017-12-25 18:53:39',16718732),
(134,'5bbd07ef35583021155c94831f6fb5b3b8aeea4268af41420e',86400,NULL,'2017-12-26 18:33:46',16718732),
(135,'5b16c76bf19b074d27a684d845e94cd69fc1a6cf4f69609298',86400,NULL,'2017-12-26 21:54:01',16718732),
(136,'07275091eca46ba7c57aa5736864b34b61b9bfae032813be7c',86399,NULL,'2017-12-27 07:11:00',16718732),
(137,'7e290f9ecab0eaec30b313f7663be21a7aae46d90eca61745e',86399,NULL,'2017-12-27 08:28:27',16718732),
(138,'1f0966ff42a95f1ad62e58cc0e3d929fafd9fc754d6e31d84f',86399,NULL,'2017-12-27 13:51:32',16718732),
(139,'5ba3dec11ec15121f1a5109a5b1699969609cbcf3599912725',86400,NULL,'2017-12-27 23:44:43',16718732),
(140,'90190127dcc5c659f284ddef1f31448cc0c19199d3e308a8ca',86399,NULL,'2017-12-31 00:51:49',462993092),
(141,'064fe98b979586b3e76f47ded015d3f2a3135c60bb29886440',86399,NULL,'2018-01-03 15:45:48',16718732),
(142,'ac5510fb8e151c0dccd5d1bee51faa51b2fe7a7d4e6f95d87d',86399,NULL,'2018-01-03 21:13:20',16718732),
(143,'c6687d96c49db68e9a8889c4caa008d9575367cd82c8af5b21',86399,NULL,'2018-01-04 15:24:01',16718732),
(144,'42d7a42c5c4f7f2017828190ffeef81539f23ddfe040ca98e3',86399,NULL,'2018-01-08 14:25:43',16718732),
(145,'0e5e02e789d83bd2eab889a2ecccda8d321a3bd657dd6c0de8',86400,NULL,'2018-01-08 17:17:00',16718732),
(146,'2c8fae503f558017e8b666e17b026049f3c5d3e172b92622e4',86399,NULL,'2018-01-09 12:12:30',16718732),
(147,'87af63da1592079e5d0f4404ea2cf6df323f1dae41bc6b339d',86400,NULL,'2018-01-09 16:09:25',16718732),
(148,'990304ea74e8158bfc44b1df45976430d8bd1e31bd3f8a5a60',86399,NULL,'2018-01-09 16:59:31',462993092),
(149,'5d02c0867c2b4cec8e4f724ad0d0174843357dc5b3a3fe6e97',86400,NULL,'2018-01-09 17:00:01',462993092),
(150,'944eee3fb6af1019ec2b63317cdaf9c496603dd2d6264cb84a',86400,NULL,'2018-01-09 17:01:33',462993092),
(151,'112adeb45b0708681bda20fab784bd97ab6c75ce40bbd62994',86399,NULL,'2018-01-09 17:11:26',462993092),
(152,'92845c7184fdd69d2cc08e8cec1ee6019ce2c931b75f1ef4d1',86400,NULL,'2018-01-09 18:18:09',16718732),
(153,'2d967f0398db18e18447b997fbcfcdb1dfa92b499813e69f19',86399,NULL,'2018-01-10 11:59:31',16718732),
(154,'67259b69d2bad3e934a68915a895cb876e131f39e94b1a60bf',86400,NULL,'2018-01-10 14:16:21',16718732),
(155,'ac65c053a678af1253a0ae008aff16e3d72f15d7a647d1425f',86399,NULL,'2018-01-10 18:19:09',16718732),
(156,'9ed26ca194a6885e562e6d3452398f978c370c8f5ab096b2df',86399,NULL,'2018-01-11 14:51:41',16718732),
(157,'993e1a76e2b55fa7f3541b689a37ff1aac9037654e8199dddf',86399,NULL,'2018-01-11 21:08:13',16718732),
(158,'6c36ce04481d015d0db110a7fd07951a73d05d936eef55d19d',86399,NULL,'2018-01-12 11:53:38',16718732),
(159,'ce8599fb18f138c40d2e4e426f96cc5d595eca990f93a125d82abc36ead8dd0f0f86180278ed2f02c8f69',86399,NULL,'2018-01-12 17:36:04',16718732),
(160,'3aeaea52a121b667abcd86c0e8261e55f13a23a805e59f008909e24769354312c7dd94276e333dda54f33',86400,NULL,'2018-01-12 17:44:11',16718732),
(161,'94febb972867c17558336427f04e32960238469149888ded7f99b852fb666b89e7f1170bae0ddfc6ce39f',86399,NULL,'2018-01-12 17:44:31',16718732),
(162,'118f5e8812b0f5dcfef66d52fa22e4b888235953d24e3448f61c9110627c89e66c3c7836a29b4737867a0',86400,NULL,'2018-01-13 21:56:41',462993092),
(163,'88903f187dccc35da71ee5767eadc142312cbeff99f6773711656ac60f4827af8ccf014d7e023325b66ee',86400,NULL,'2018-01-13 22:18:18',16718732),
(164,'b09eaf34badc704974912b48560b864f58dc80a06618f5298b4b33c509bc0d46a24f68e7b13847cab6f25',86400,NULL,'2018-01-13 22:19:23',16718732),
(165,'b669f5e5911e17a80e6e6620a729c9ebe1a5aa5dbcba3988e16389b3cb6ca62fd151f4b8bffa693bc3495',86400,NULL,'2018-01-13 22:20:31',462993092),
(166,'ea4a1e84c045e51abcd02fc70fca39c783f739cde434b8133a7a989a0571bf9b8d620bccc976dfdca85f1',86400,NULL,'2018-01-13 22:24:02',16718732);

/*Table structure for table `complain` */

DROP TABLE IF EXISTS `complain`;

CREATE TABLE `complain` (
  `id` int(11) NOT NULL AUTO_INCREMENT,
  `name` varchar(100) NOT NULL,
  PRIMARY KEY (`id`)
) ENGINE=InnoDB AUTO_INCREMENT=3 DEFAULT CHARSET=utf8;

/*Data for the table `complain` */

insert  into `complain`(`id`,`name`) values 
(1,'Рекламное агентство'),
(2,'Не студент');

/*Table structure for table `department` */

DROP TABLE IF EXISTS `department`;

CREATE TABLE `department` (
  `id` int(11) NOT NULL AUTO_INCREMENT,
  `name_full` varchar(500) NOT NULL,
  `name_short` varchar(100) DEFAULT NULL,
  `faculty_id` int(11) NOT NULL,
  `vk_id` int(11) NOT NULL,
  `is_demo` tinyint(1) NOT NULL DEFAULT '0',
  PRIMARY KEY (`id`)
) ENGINE=InnoDB AUTO_INCREMENT=1281 DEFAULT CHARSET=utf8;

/*Data for the table `department` */

insert  into `department`(`id`,`name_full`,`name_short`,`faculty_id`,`vk_id`,`is_demo`) values 
(1,' Кафедра биохимии и микробиологии',NULL,131,6850,0),
(2,' Кафедра ботаники',NULL,131,6851,0),
(3,' Кафедра генетики',NULL,131,6852,0),
(4,' Кафедра зоологии',NULL,131,6853,0),
(5,' Кафедра основ медицинских знаний и защиты населения в чрезвычайной обстановке',NULL,131,6854,0),
(6,' Кафедра почвоведения и оценки земельных ресурсов (Почвоведения и агрохимии)',NULL,131,6855,0),
(7,' Кафедра физиологии человека и животных',NULL,131,6856,0),
(8,' Кафедра экологии и природопользования',NULL,131,6857,0),
(9,'Биология',NULL,131,2045776,0),
(10,'Почвоведение',NULL,131,2045777,0),
(11,'Педагогическое образование',NULL,131,2045778,0),
(12,' Кафедра высшей математики и исследования операций',NULL,130,6816,0),
(13,' Кафедра вычислительной математики и математической физики',NULL,130,6817,0),
(14,' Кафедра геометрии',NULL,130,6818,0),
(15,' Кафедра дифференциальных и интегральных уравнений',NULL,130,6819,0),
(16,' Кафедра информатики и вычислительного эксперимента',NULL,130,6820,0),
(17,' Кафедра математического анализа',NULL,130,6821,0),
(18,' Кафедра математического моделирования',NULL,130,6822,0),
(19,' Кафедра теоретической и компьютерной гидроаэродинамики',NULL,130,6823,0),
(20,' Кафедра теории упругости',NULL,130,6824,0),
(21,' Кафедра высокопроизводительных вычислений и информационно-коммуникационных технологий',NULL,130,1766735,0),
(22,' Кафедра алгебры и дискретной математики',NULL,130,1885521,0),
(23,' Кафедра прикладной математики и программирования',NULL,130,1885522,0),
(24,' Кафедра информационных технологий и методики преподавания информатики',NULL,130,1995808,0),
(25,' Кафедра теории и методики математического образования',NULL,130,1995809,0),
(26,'Математика',NULL,130,2045886,0),
(27,'Прикладная математика и информатика',NULL,130,2045887,0),
(28,'Механика и математическое моделирование',NULL,130,2045888,0),
(29,'Фундаментальная информатика и информационные технологии',NULL,130,2045889,0),
(30,'Педагогическое образование: Математика',NULL,130,2045890,0),
(31,'Педагогическое образование: Математика и информатика',NULL,130,2068533,0),
(32,' Кафедра глобальных информационных систем',NULL,132,6858,0),
(33,' Кафедра системного анализа и управления',NULL,132,6860,0),
(34,' Кафедра информационных и измерительных технологий',NULL,132,1885519,0),
(35,' Кафедра космического приборостроения и инновационных технологий',NULL,132,1885520,0),
(36,'Прикладная информатика',NULL,132,2045819,0),
(37,'Приборостроение',NULL,132,2045820,0),
(38,'Землеустройство и кадастры',NULL,132,2045821,0),
(39,'Организация и управление наукоемкими производствами',NULL,132,2045822,0),
(40,' Кафедра геологии нефти и газа',NULL,133,6863,0),
(41,' Кафедра геоэкологии и прикладной геохимии',NULL,133,6864,0),
(42,' Кафедра гидрогеологии и инженерной геологии',NULL,133,6865,0),
(43,' Кафедра месторождений полезных ископаемых',NULL,133,6867,0),
(44,' Кафедра минералогии и петрографии',NULL,133,6868,0),
(45,' Кафедра общей географии краеведения и туризма',NULL,133,6869,0),
(46,' Кафедра общей и исторической геологии',NULL,133,6870,0),
(47,' Кафедра океанологии',NULL,133,6871,0),
(48,' Кафедра экономической и социальной географии (Социально-экономической географии и природопользования)',NULL,133,6872,0),
(49,' Кафедра физической географии, экологии и охраны природы',NULL,133,6873,0),
(50,'Геология',NULL,133,2045891,0),
(51,'География',NULL,133,2045892,0),
(52,'Педагогическое образование: География',NULL,133,2045893,0),
(53,'Прикладная геология',NULL,133,2045894,0),
(54,' Кафедра археологии и истории Древнего мира',NULL,134,1827249,0),
(55,' Кафедра зарубежной истории и международных отношений',NULL,134,1827250,0),
(56,' Кафедра отечественной истории',NULL,134,1827251,0),
(57,' Кафедра политической истории',NULL,134,1827252,0),
(58,' Кафедра исторической политологии',NULL,134,1827253,0),
(59,' Кафедра специальных исторических дисциплин и документоведения',NULL,134,1827254,0),
(60,' Кафедра всеобщей истории',NULL,134,2045880,0),
(61,' Кафедра методики преподавания истории и обществознания',NULL,134,2045881,0),
(62,'Международные отношения',NULL,134,2045882,0),
(63,'Педагогическое образование: История',NULL,134,2045883,0),
(64,'История',NULL,134,2045884,0),
(65,'Документоведение и архивоведение',NULL,134,2045885,0),
(66,'Кафедра педагогики и педагогической психологии',NULL,135,6881,0),
(67,'Кафедра психологии здоровья и физической культуры',NULL,135,6882,0),
(68,'Кафедра психологии и педагогики высшего образования',NULL,135,6883,0),
(69,' Кафедра социальной психологии и психологии личности',NULL,135,6884,0),
(70,' Кафедра психофизиологии и клинической психологии',NULL,135,6886,0),
(71,' Кафедра организационной и возрастной психологии (бывш. Психологии развития и возрастной психологии (Психофизиологии и психологии развития), Организационной и прикладной психологии)',NULL,135,6887,0),
(72,'Кафедра теоретических и прикладных методов психологии',NULL,135,6889,0),
(73,' Кафедра психологии управления и юридической психологии',NULL,135,6890,0),
(74,' Кафедра дошкольного образования (Дошкольной педагогики)',NULL,135,45733,0),
(75,' Кафедра начального образования (Педагогики и методики начального образования)',NULL,135,45734,0),
(76,'Кафедра социальной педагогики и молодежной политики',NULL,135,45735,0),
(77,' Кафедра психологии образования (Специальной и практической психологии)',NULL,135,45738,0),
(78,' Кафедра общей и педагогической психологии',NULL,135,46004,0),
(79,' Кафедра образования и педагогических наук',NULL,135,1965189,0),
(80,' Кафедра коррекционной педагогики',NULL,135,1965190,0),
(81,' Кафедра технологии и профессионально-педагогического образования',NULL,135,1965238,0),
(82,'Психология',NULL,135,2045779,0),
(83,'Дошкольное образование',NULL,135,2045780,0),
(84,'Начальное образование',NULL,135,2045781,0),
(85,'Психолого-педагогическое образование',NULL,135,2045782,0),
(86,'Специальное (дефектологическое) образование',NULL,135,2045783,0),
(87,'Профессиональное обучение',NULL,135,2045784,0),
(88,'Начальное образование и иностранный язык',NULL,135,2045785,0),
(89,'Технология и изобразительное искусство',NULL,135,2045786,0),
(90,'Клиническая психология',NULL,135,2045787,0),
(91,'Психология служебной деятельности',NULL,135,2045788,0),
(92,'Педагогика и психология девиантного поведения',NULL,135,2045789,0),
(93,' Кафедра социальных технологий',NULL,136,6896,0),
(94,' Кафедра истории философии',NULL,136,6910,0),
(95,' Кафедра исторической культурологии',NULL,136,6911,0),
(96,' Кафедра социальной философии',NULL,136,6912,0),
(97,' Кафедра теории культуры, этики и эстетики',NULL,136,6913,0),
(98,' Кафедра философии и методологии науки',NULL,136,6914,0),
(99,' Кафедра философии религии и религиоведения (бывш. Философии, религиоведения и теологии)',NULL,136,6915,0),
(100,' Кафедра культурной антропологии города',NULL,136,1908668,0),
(101,' Кафедра теоретической и прикладной политологии',NULL,136,1908671,0),
(102,'Социальная работа',NULL,136,2045909,0),
(103,'Организация работы с молодежью',NULL,136,2045910,0),
(104,'Политология',NULL,136,2045911,0),
(105,'Философия',NULL,136,2045912,0),
(106,'Религиоведение',NULL,136,2045913,0),
(107,'Культурология',NULL,136,2045914,0),
(108,' Кафедpа аналитической химии',NULL,137,6916,0),
(109,' Кафедра общей и неорганической химии',NULL,137,6917,0),
(110,' Кафедра органической химии',NULL,137,6918,0),
(111,' Кафедpа физической и коллоидной химии',NULL,137,6919,0),
(112,' Кафедpа химии пpиpодных и высокомолекуляpных соединений',NULL,137,6920,0),
(113,' Кафедpа электpохимии',NULL,137,6921,0),
(114,' Кафедра химии',NULL,137,2045941,0),
(115,'Химия',NULL,137,2045942,0),
(116,'Химия, физика и механика материалов',NULL,137,2045943,0),
(117,'Фундаментальная и прикладная химия',NULL,137,2045944,0),
(118,' Кафедpа госудаpственного (конституционного) пpава',NULL,138,6923,0),
(119,' Кафедpа гpажданского пpава',NULL,138,6924,0),
(120,' Кафедра гражданского процессуального и трудового права',NULL,138,6925,0),
(121,' Кафедpа международного права',NULL,138,6926,0),
(122,' Кафедpа муниципального пpава и природоохранного законодательства',NULL,138,6927,0),
(123,' Кафедpа теоpии и истоpии госудаpства и пpава',NULL,138,6928,0),
(124,' Кафедpа уголовного пpава и кpиминологии',NULL,138,6929,0),
(125,' Кафедpа уголовного пpоцесса и кpиминалистики',NULL,138,6930,0),
(126,'Юриспруденция',NULL,138,2045953,0),
(127,'Кафедра изобразительного искусства',NULL,139,1866368,0),
(128,'Кафедра методики преподавания технологии, декоративно-прикладного искусства и дизайна',NULL,139,1866369,0),
(129,'Кафедра педагогики',NULL,139,1866370,0),
(130,'Кафедра права',NULL,139,1866371,0),
(131,'Кафедра технологии материалов и машиноведения',NULL,139,1866372,0),
(132,'Кафедра экономики и прикладной математики',NULL,139,1866373,0),
(133,' Кафедpа квантовой pадиофизики',NULL,140,6900,0),
(134,' Кафедpа общей физики',NULL,140,6902,0),
(135,' Кафедpа пpикладной электpодинамики и компьютеpного моделиpования',NULL,140,6903,0),
(136,' Кафедpа pадиофизики',NULL,140,6904,0),
(137,' Кафедpа теоpетической и вычислительной физики',NULL,140,6905,0),
(138,' Кафедpа физики космоса',NULL,140,6906,0),
(139,' Кафедра физики кристаллов и структурного анализа',NULL,140,6907,0),
(140,' Кафедра технической физики  (бывш. Физики полупроводников)',NULL,140,6908,0),
(141,' Кафедра физики наносистем и спектроскопии (бывш. Физики твердого тела)',NULL,140,6909,0),
(142,' Кафедра биофизики и биокибернетики',NULL,140,14760,0),
(143,' Кафедра нанотехнологии',NULL,140,25269,0),
(144,'Физика',NULL,140,1995813,0),
(145,'Радиофизика',NULL,140,2045937,0),
(146,'Инфокоммуникационные технологии и системы связи',NULL,140,2045938,0),
(147,'Техническая физика',NULL,140,2045939,0),
(148,'Нанотехнологии и микросистемная техника',NULL,140,2045940,0),
(149,' Кафедра теории и практики английского языка',NULL,141,1885462,0),
(150,' Кафедра английской филологии',NULL,141,1885463,0),
(151,' Кафедра теории и практики немецкого языка',NULL,141,1885464,0),
(152,' Кафедра немецкой филологии',NULL,141,1885465,0),
(153,' Кафедра лингвистики и профессиональной коммуникации',NULL,141,1885466,0),
(154,' Кафедра русского языка',NULL,141,1885467,0),
(155,' Кафедра теории языка и русского языка',NULL,141,1885468,0),
(156,' Кафедра русского языка для иностранных учащихся',NULL,141,1885469,0),
(157,' Кафедра отечественной литературы',NULL,141,1885470,0),
(158,' Кафедра теории и истории мировой литературы',NULL,141,1885471,0),
(159,' Кафедра общего и сравнительного языкознания',NULL,141,1885472,0),
(160,' Кафедра английского языка гуманитарных факультетов',NULL,141,1885473,0),
(161,' Кафедра английского языка естественных факультетов',NULL,141,1885474,0),
(162,' Кафедра романской филологии',NULL,141,1885475,0),
(163,' Кафедра истории журналистики',NULL,141,1885476,0),
(164,' Кафедра теории журналистики',NULL,141,1885477,0),
(165,' Кафедра средств массовых коммуникаций',NULL,141,1885478,0),
(166,' Кафедра речевой коммуникации и издательского дела',NULL,141,1885479,0),
(167,' Кафедра перевода и информационных технологий в лингвистике',NULL,141,1885480,0),
(168,' Кафедра межкультурной коммуникации и методики преподавания иностранных языков',NULL,141,1885481,0),
(169,' Кафедра иберо-американской филологии и коммуникативистики',NULL,141,1985584,0),
(170,' Кафедра немецкого языка',NULL,141,2045899,0),
(171,' Кафедра французского и испанского языков',NULL,141,2045900,0),
(172,'Реклама и связи с общественностью',NULL,141,2045901,0),
(173,'Журналистика',NULL,141,2045902,0),
(174,'Педагогическое образование: Русский язык и литература',NULL,141,2045903,0),
(175,'Педагогическое образование: Русский язык и иностранный язык',NULL,141,2045904,0),
(176,'Филология: Зарубежная филология',NULL,141,2045905,0),
(177,'Филология: Отечественная филология',NULL,141,2045906,0),
(178,'Лингвистика',NULL,141,2045907,0),
(179,'Перевод и переводоведение',NULL,141,2045908,0),
(180,'Исследование журналистики и медиаобразование',NULL,141,2047973,0),
(181,'Медиапродюсер',NULL,141,2047974,0),
(182,'Электронные СМИ',NULL,141,2047975,0),
(183,'Лингвокультурологическое образование',NULL,141,2047976,0),
(184,'Стилистика речи. Филологический анализ текста. Лингвистическая экспертиза',NULL,141,2047977,0),
(185,'Литература в кросс-культурной перспективе',NULL,141,2047978,0),
(186,'Прикладная коммуникативистика',NULL,141,2047979,0),
(187,'Теория перевода и межкультурная коммуникация',NULL,141,2047980,0),
(188,' Испано-Российский центр языка и культуры ЮФУ',NULL,141,2123550,0),
(189,'Кафедра изобразительного искусства',NULL,142,45750,0),
(190,'Кафедра декоративно-прикладного искусства и проектной графики',NULL,142,45751,0),
(191,' Кафедра бухгалтерского учета и аудита',NULL,143,6837,0),
(192,' Кафедра истории экономических учений',NULL,143,6838,0),
(193,' Кафедра политэкономии и экономической политики',NULL,143,6840,0),
(194,' Кафедра информационной экономики (Прикладной информатики в экономике)',NULL,143,6841,0),
(195,' Кафедра теории и практики государственного регулирования экономики',NULL,143,6842,0),
(196,' Кафедра управления человеческими ресурсами (Экономики и менеджмента)',NULL,143,6845,0),
(197,' Кафедра экономики и предпринимательства ',NULL,143,6846,0),
(198,' Кафедра экономической кибернетики',NULL,143,6847,0),
(199,' Кафедра экономической теории',NULL,143,6848,0),
(200,' Кафедра финансов и кредита',NULL,143,6849,0),
(201,' Кафедра мировой экономики и международных отношений',NULL,143,19972,0),
(202,' Кафедра финансовых технологий и инноваций',NULL,143,2045945,0),
(203,'Экономика',NULL,143,2045946,0),
(204,'Менеджмент',NULL,143,2045947,0),
(205,'Управление персоналом',NULL,143,2045948,0),
(206,'Бизнес-информатика',NULL,143,2045949,0),
(207,' Кафедра международного бизнеса',NULL,143,2090596,0),
(208,'Кафедра экономики и менеджмента',NULL,144,45744,0),
(209,'Кафедра права',NULL,144,45745,0),
(210,' Кафедра гимнастики',NULL,145,1885511,0),
(211,' Кафедра медико-биологических основ физического воспитания',NULL,145,1885512,0),
(212,' Кафедра охраны здоровья человека и безопасности жизнедеятельности',NULL,145,1885513,0),
(213,' Кафедра спортивных дисциплин',NULL,145,1885514,0),
(214,' Кафедра спортивных игр',NULL,145,1885515,0),
(215,' Кафедра теоретических основ физического воспитания',NULL,145,1885516,0),
(216,' Кафедра физической культуры',NULL,145,1885517,0),
(217,' Кафедра физкультурно-оздоровительных технологий',NULL,145,1885518,0),
(218,' Кафедра психологии здоровья и физической культуры',NULL,145,1995806,0),
(219,'Физическая культура',NULL,145,2045814,0),
(220,'Физическая культура и безопасность жизнедеятельности',NULL,145,2045815,0),
(221,'Физическая культура и иностранный язык',NULL,145,2045816,0),
(222,'Образование в области физической культуры и спорта',NULL,145,2045817,0),
(223,'Оздоровительная физическая культура в системе общего и профессионального образования',NULL,145,2045818,0),
(224,'Кафедра регионоведения и этносоциологии',NULL,146,45749,0),
(225,'Кафедра отечественной истории',NULL,146,1369713,0),
(226,'Кафедра всеобщей истории',NULL,146,1369714,0),
(227,'Кафедра социальных коммуникаций и технологий',NULL,146,1369715,0),
(228,'Кафедра управления образованием',NULL,147,45757,0),
(229,'Кафедра педагогики',NULL,147,184384,0),
(230,'Кафедра социологии',NULL,147,184385,0),
(231,'Кафедра философии, теологии и культурологии',NULL,147,184386,0),
(232,'Кафедра анатомии и физиологии детей и подростков',NULL,148,1866359,0),
(233,'Кафедра ботаники и зоологии',NULL,148,1866360,0),
(234,'Кафедра геометрии и методики преподавания математики',NULL,148,1866361,0),
(235,'Кафедра информационных технологий и методики преподавания информатики',NULL,148,1866362,0),
(236,'Кафедра математики, алгебры и математического анализа',NULL,148,1866363,0),
(237,'Кафедра методики преподавания биологии, химии и естествознания',NULL,148,1866364,0),
(238,'Кафедра общей биологии',NULL,148,1866365,0),
(239,'Кафедра физики',NULL,148,1866366,0),
(240,'Кафедра химии',NULL,148,1866367,0),
(241,' Кафедра связи',NULL,149,1848507,0),
(242,' Кафедра тактики, правовой, финансово-экономической подготовки и организации психологической борьбы',NULL,149,1848508,0),
(243,' Кафедра военно-воздушных сил и радиоэлектронной борьбы',NULL,149,1848509,0),
(244,' Кафедра связи и морально-психологического обеспечения',NULL,149,1848510,0),
(245,' Кафедра экономики и предпринимательства (бывш. Экономических дисциплин)',NULL,150,898171,0),
(246,' Кафедра управления',NULL,150,898172,0),
(247,' Кафедра гуманитарных дисциплин',NULL,150,898173,0),
(248,' Кафедра государственных, муниципальных финансов и финансового инжиниринга',NULL,150,1862328,0),
(249,' Кафедра туризма',NULL,150,1871636,0),
(250,' Кафедра экономики и управления в образовании',NULL,150,1871637,0),
(251,' Кафедра технологии организации туроператорской и турагентской деятельности',NULL,150,1871638,0),
(252,' Кафедра экономики и прикладной математики',NULL,150,1955643,0),
(253,' Кафедра международного бизнеса',NULL,150,1955644,0),
(254,'Экономика',NULL,150,2045860,0),
(255,'Менеджмент',NULL,150,2045861,0),
(256,'Торговое дело',NULL,150,2045862,0),
(257,'Сервис',NULL,150,2045863,0),
(258,'Туризм',NULL,150,2045864,0),
(259,'Гостиничное дело',NULL,150,2045865,0),
(260,'Кафедра философии и культурологии',NULL,152,1396956,0),
(261,' Кафедра политической социологии',NULL,157,6892,0),
(262,' Кафедра конфликтологии и национальной безопасности',NULL,157,1908658,0),
(263,' Кафедра региональной социологии и моделирования социальных процессов',NULL,157,1908659,0),
(264,' Кафедра теоретической и прикладной регионалистики ИППК',NULL,157,1908661,0),
(265,' Кафедра отраслевой и прикладной социологии',NULL,157,1908662,0),
(266,' Кафедра социологии, политологии и права ИППК ',NULL,157,1908663,0),
(267,' Кафедра философии и культурологии ИППК',NULL,157,1908664,0),
(268,' Кафедра экономики и регионального менеджмента ИППК',NULL,157,1908665,0),
(269,' Кафедра теоретической социологии и методологии региональных исследований',NULL,157,1995810,0),
(270,' Кафедра экономической социологии и регионального управления',NULL,157,1995811,0),
(271,' Кафедра регионалистики и евразийских исследований',NULL,157,1995812,0),
(272,' Кафедра истории Отечества и Кавказоведения',NULL,157,2045895,0),
(273,'Конфликтология',NULL,157,2045896,0),
(274,'Социология',NULL,157,2045897,0),
(275,'Зарубежное регионоведение',NULL,157,2045898,0),
(276,' Кафедра теории и технологий в менеджменте',NULL,158,6843,0),
(277,' Кафедра маркетинга и коммуникаций в бизнесе (бывш. Теории рынка)',NULL,158,6844,0),
(278,' Кафедра управления развитием пространственно-экономических систем (Отраслевого и территориального управления)',NULL,158,1893426,0),
(279,' Кафедра инновационного и международного менеджмента',NULL,158,1893427,0),
(280,'Менеджмент',NULL,158,2045915,0),
(281,'Государственное и муниципальное управление',NULL,158,2045916,0),
(282,'Практическая психология',NULL,159,1907106,0),
(283,' Кафедра архитектуры жилых и общественных зданий',NULL,160,2045790,0),
(284,' Кафедра градостроительства',NULL,160,2045791,0),
(285,' Кафедра графики и информационных технологий архитектурного проектирования',NULL,160,2045792,0),
(286,' Кафедра декоративно-прикладного искусства',NULL,160,2045793,0),
(287,' Кафедра дизайна',NULL,160,2045794,0),
(288,' Кафедра дизайна архитектурной среды',NULL,160,2045795,0),
(289,' Кафедра живописи, графики и скульптуры',NULL,160,2045796,0),
(290,' Кафедра живописи и скульптуры',NULL,160,2045797,0),
(291,' Кафедра изобразительного искусства',NULL,160,2045798,0),
(292,' Кафедра инженерно-строительных дисциплин',NULL,160,2045799,0),
(293,' Кафедра интерьера',NULL,160,2045800,0),
(294,' Кафедра истории архитектуры, искусства и архитектурной реставрации',NULL,160,2045801,0),
(295,' Кафедра менеджмента в архитектуре, градостроительстве и искусстве',NULL,160,2045802,0),
(296,' Кафедра основ архитектурно-художественного проектирования',NULL,160,2045803,0),
(297,' Кафедра рисунка',NULL,160,2045804,0),
(298,' Кафедра строительной механики и конструкций',NULL,160,2045805,0),
(299,'Архитектура',NULL,160,2045806,0),
(300,'Градостроительство',NULL,160,2045807,0),
(301,'Дизайн',NULL,160,2045808,0),
(302,'Декоративно-прикладное искусство и народные промыслы',NULL,160,2045809,0),
(303,'Монументально-декоративное искусство',NULL,160,2045810,0),
(304,'Живопись',NULL,160,2045811,0),
(305,'Графика',NULL,160,2045812,0),
(306,'Скульптура',NULL,160,2045813,0),
(307,'Приборостроения',NULL,81,6931,0),
(308,'Автоматизации производственных процессов',NULL,81,6932,0),
(309,'Электротехники',NULL,81,6933,0),
(310,'Робототехники и мехатроники',NULL,81,6934,0),
(311,'Программного обеспечения ВТ и АС',NULL,81,6935,0),
(312,'Метрологии и управления качеством',NULL,81,6937,0),
(313,'Физического и прикладного материаловедения',NULL,81,6938,0),
(314,'Физики',NULL,81,6939,0),
(315,'Математики',NULL,81,6940,0),
(316,'Информатики',NULL,81,28479,0),
(317,'Технологии технического регулирования',NULL,81,45617,0),
(318,'Компьютерной безопасности',NULL,81,308435,0),
(319,'Сельскохозяйственных машин',NULL,82,6961,0),
(320,'Сервиса и технологической эксплуатации автотранспортных средств',NULL,82,6962,0),
(321,'Машин и аппаратов пищевой промышленности',NULL,82,6963,0),
(322,'Инженерной графики и начертательной геометрии',NULL,82,6964,0),
(323,'Основ конструирования машин',NULL,82,6965,0),
(324,'Теории механизмов и машин',NULL,82,6966,0),
(325,'Сопротивления материалов',NULL,82,6967,0),
(326,'Теоретической механики',NULL,82,6968,0),
(327,'Русского языка как иностранного',NULL,83,6971,0),
(328,'Естественных наук',NULL,83,6972,0),
(329,'Теории и методики профессионального образования',NULL,83,1877498,0),
(330,'Философии',NULL,84,6951,0),
(331,'Иностранных языков',NULL,84,6953,0),
(332,'Английского языка',NULL,84,6954,0),
(333,'Физической культуры и спорта',NULL,84,6955,0),
(334,'Безопасности жизнедеятельности и защиты окружающей среды',NULL,84,6956,0),
(335,'Культурологии',NULL,84,6957,0),
(336,'Экономики и менеджмента',NULL,84,6958,0),
(337,'Русского языка как иностранного',NULL,84,6959,0),
(338,'Инженерной экономики и маркетинга',NULL,84,6960,0),
(339,'Экономики',NULL,84,26202,0),
(340,'Машин и автоматизации сварочного производства',NULL,85,3509,0),
(341,'Авиастроения',NULL,85,6942,0),
(342,'Технологии машиностроения',NULL,85,6943,0),
(343,'Металлорежущих станков и инструментов',NULL,85,6944,0),
(344,'Технологии конструкционных материалов',NULL,85,6945,0),
(345,'Гидравлики, гидропневмоавтоматики и тепловых процессов',NULL,85,6946,0),
(346,'Машин и технологии обработки металлов давлением',NULL,85,6948,0),
(347,'Химии',NULL,85,6949,0),
(348,'Литья и художественной обработки материалов',NULL,85,29320,0),
(349,'Сельскохозяйственных машин и оборудования',NULL,87,648585,0),
(350,'Теоретической и прикладной механики (бывш. Сопротивление материалов)',NULL,87,648586,0),
(351,'Техники и технологии пищевых производств (Машин и аппаратов пищевых производств)',NULL,87,648588,0),
(352,'Инженерной и компьютерной графики (бывш. Графики и начертательной геометрии)',NULL,87,648589,0),
(353,'Теории механизмов и машин',NULL,87,648591,0),
(354,'Технологии и оборудования переработки продукции агропромышленного комплекса',NULL,87,1933578,0),
(355,'Технического сервиса машин',NULL,87,1933579,0),
(356,'Приборостроения',NULL,86,648582,0),
(357,'Технологии технического регулирования',NULL,86,648583,0),
(358,'Управления качеством',NULL,86,648584,0),
(359,'Промышленной метрологии',NULL,86,1933580,0),
(360,'Сервиса и технической эксплуатации автотранспортных средств',NULL,88,648596,0),
(361,'Транспортных систем и логистики',NULL,88,1847499,0),
(362,'Радиоэлектроники',NULL,88,1933582,0),
(363,'Автосервиса',NULL,88,1933583,0),
(364,'Техники, технологии и промышленной безопасности',NULL,88,1933584,0),
(365,'Основ конструирования машин',NULL,90,648590,0),
(366,'Технологии машиностроения',NULL,90,648601,0),
(367,'Инструментального производства',NULL,90,648602,0),
(368,'Информационного обеспечения автоматизированных технологических комплексов (бывш. Технологического оборудования)',NULL,90,648603,0),
(369,'Безопасности жизнедеятельности и защиты окружающей среды',NULL,91,648605,0),
(370,'Технических средств аквакультуры',NULL,91,1933571,0),
(371,'Физического и прикладного материаловедения',NULL,92,648599,0),
(372,'Машин и автоматизации сварочного производства',NULL,92,648609,0),
(373,'Машин и технологии обработки металлов давлением',NULL,92,648610,0),
(374,'Технологии формообразования и художественная обработка материалов (бывш. Литья и художественной обработки материалов)',NULL,92,648611,0),
(375,'Транспортного машиностроения',NULL,92,1847498,0),
(376,'Технологии конструкционных материалов',NULL,92,1933573,0),
(377,'Химии',NULL,92,1933574,0),
(378,'Дизайна и конструирования изделий легкой промышленности',NULL,92,1933576,0),
(379,'Технологии конструкционных материалов',NULL,89,648597,0),
(380,'Химии',NULL,89,648598,0),
(381,'Физики',NULL,89,648600,0),
(382,'Информационных технологий',NULL,94,648615,0),
(383,'Математики',NULL,94,648616,0),
(384,'Программного обеспечения вычислительной техники и автоматизированных систем',NULL,94,648617,0),
(385,'Прикладной математики',NULL,94,1768032,0),
(386,'Кибербезопасности информационных систем',NULL,94,1911358,0),
(387,'Математики и информатики',NULL,94,1995876,0),
(388,'Мировой экономики и международных экономических отношений',NULL,96,6969,0),
(389,'Экономики',NULL,96,648634,0),
(390,'Экономики и менеджмента',NULL,96,648635,0),
(391,'Маркетинга и инженерной экономики',NULL,96,648636,0),
(392,'Маркетинга и управления в сфере обслуживания',NULL,96,1757230,0),
(393,'Управления интеллектуальной собственностью и технологического предпринимательства',NULL,96,1933572,0),
(394,'Связей с общественностью',NULL,95,6970,0),
(395,'Философии и мировых религий',NULL,95,648623,0),
(396,'Документоведения и языковой коммуникации',NULL,95,648625,0),
(397,'Лингвистики и иностранных языков',NULL,95,648628,0),
(398,'Педагогических измерений',NULL,95,648629,0),
(399,'Социальной работы',NULL,95,1755254,0),
(400,'Мировых языков и культур',NULL,95,1877496,0),
(401,'Научно-технического перевода и профессиональной коммуникации',NULL,95,1877497,0),
(402,'Психологии',NULL,95,1933564,0),
(403,'Православной культуры и теологии',NULL,95,1933565,0),
(404,'Истории и культурологии',NULL,97,648624,0),
(405,'Массовых коммуникаций и мультимедийных технологий',NULL,97,1818823,0),
(406,'Медиаменеджмента и медиапроизводства',NULL,97,1861801,0),
(407,'Связей с общественностью',NULL,97,1861802,0),
(408,'Сервиса, туризма и индустрии гостеприимства',NULL,99,1877499,0),
(409,'Социально-культурного сервиса',NULL,99,1877501,0),
(410,'Уголовного права и криминалистики',NULL,99,1877503,0),
(411,'Гражданского права',NULL,99,1877504,0),
(412,'Теории и истории государства и права',NULL,99,1877505,0),
(413,'Коммерческого и предпринимательского права',NULL,99,1884520,0),
(414,'Физического воспитания',NULL,98,648606,0),
(415,'Спортивных дисциплин',NULL,98,1856574,0),
(416,'Теории и методики физической культуры',NULL,98,1856575,0),
(417,'Социально-культурного сервиса и туризма',NULL,98,1856576,0),
(418,'Физвоспитания и спорта',NULL,98,1856578,0),
(419,'Физической культуры и спортивно-оздоровительных технологий',NULL,98,1856579,0),
(420,'Авиастроения',NULL,100,648594,0),
(421,'Сервис и техническая эксплуатация летательных аппаратов',NULL,100,1933567,0),
(422,'Лётной эксплуатации и организации воздушного движения',NULL,100,1933568,0),
(423,'Теплоэнергетики и прикладной гидромеханики',NULL,100,1995875,0),
(424,'Гидравлики, гидропневмоавтоматики и тепловых процессов',NULL,93,648595,0),
(425,'Автоматизации производственных процессов',NULL,93,648612,0),
(426,'Робототехники и мехатроники',NULL,93,648613,0),
(427,'Электротехники и электроники',NULL,93,648614,0),
(428,'Физики',NULL,93,1933569,0),
(429,'Экономики и менеджмента в машиностроении',NULL,162,1755252,0),
(430,'Экономической теории',NULL,162,1755253,0),
(431,'Финансов и кредита',NULL,162,1884593,0),
(432,'Бухгалтерского учета, анализа и аудита',NULL,162,1884594,0),
(433,'Энергетики, автоматики и систем коммуникаций',NULL,161,1884595,0),
(434,'Вычислительных систем и информационной безопасности',NULL,161,1884596,0),
(435,'Производственной безопасности',NULL,161,1884597,0),
(436,'Теплоэнергетики и прикладной гидромеханики',NULL,161,1884598,0),
(437,'Альтернативной энергетики',NULL,161,1884599,0),
(438,'Технологических машин и оборудования нефтегазовых комплексов',NULL,163,1780627,0),
(439,'Математических методов и моделирования процессов и производств нефтегазового комплекса',NULL,163,1780628,0),
(440,'Автоматизации процессов и производств нефтегазового комплекса',NULL,163,1780629,0),
(441,'Химических технологий нефтегазового комплекса (Конструирования изделий из полимерных композиционных материалов)',NULL,163,1884592,0),
(442,'Кафедра менеджмента в архитектуре, градостроительстве и искусстве',NULL,177,13953,0),
(443,' Кафедра архитектуры жилых и общественных зданий',NULL,177,16313,0),
(444,' Кафедра градостроительства',NULL,177,57539,0),
(445,'Кафедра интерьера',NULL,177,58659,0),
(446,'Кафедра инженерно-экономических дисциплин',NULL,177,84211,0),
(447,'Кафедра педагогики, психологии и языковой подготовки',NULL,177,93618,0),
(448,'Кафедра основ архитектурного и художественного проектирования',NULL,177,113726,0),
(449,' Кафедра графики и информационных технологий архитектурного проектирования',NULL,177,116930,0),
(450,'Кафедра истории архитектуры, искусства и архитектурной реставрации',NULL,177,119055,0),
(451,'Кафедра философии и социологии архитектуры и искусств',NULL,177,130790,0),
(452,' Кафедра декоративно-прикладного искусства',NULL,177,153240,0),
(453,'Кафедра изобразительного искусства',NULL,177,200384,0),
(454,' Кафедра дизайна архитектурной среды',NULL,177,257041,0),
(455,'Кафедра математики, информатики, механики и конструкций',NULL,177,298952,0),
(456,'Кафедра строительной механики и конструкций',NULL,177,1995801,0),
(457,' Кафедра живописи, графики и скульптуры',NULL,177,1995802,0),
(458,' Кафедра дизайна',NULL,177,1995803,0),
(459,'Кафедра рисунка',NULL,177,1995804,0),
(460,'Кафедра инженерно-строительных дисциплин',NULL,177,1995805,0),
(461,'Кафедра духовых и ударных инструментов',NULL,183,19631,0),
(462,'Кафедра струнных инструментов',NULL,183,1995852,0),
(463,'Кафедра баяна и аккордеона',NULL,183,1995854,0),
(464,'Кафедра струнных народных инструментов',NULL,183,1995855,0),
(465,'Кафедра оркестрового и оперно-симфонического дирижирования',NULL,183,1995862,0),
(466,'Кафедра теории музыки и композиции',NULL,185,30432,0),
(467,'Кафедра музыкального менеджмента',NULL,185,1740265,0),
(468,'Кафедра хорового дирижирования',NULL,185,1995856,0),
(469,'Кафедра сольного пения',NULL,185,1995857,0),
(470,'Кафедра истории музыки',NULL,185,1995858,0),
(471,'Кафедра камерного ансамбля и концертмейстерской подготовки',NULL,185,1995859,0),
(472,'Кафедра социально-гуманитарных дисциплин',NULL,185,1995860,0),
(473,'Кафедра музыкальной звукорежиссуры и информационных технологий',NULL,185,1995861,0),
(474,'Кафедра оперной подготовки',NULL,185,1995864,0),
(475,'Кафедра специального фортепиано',NULL,182,1995851,0),
(476,'Кафедра фортепиано',NULL,182,1995863,0),
(477,'Педиатрия',NULL,165,53827,0),
(478,'Кафедра акушерства и гинекологии №2',NULL,165,2069318,0),
(479,'Кафедра нормальной анатомии',NULL,165,2069319,0),
(480,'Кафедра общей и клинической биохимии №1',NULL,165,2069320,0),
(481,'Кафедра внутренних болезней с основами общей физиотерапии №3',NULL,165,2069321,0),
(482,'Кафедра гистологии, цитологии и эмбриологии',NULL,165,2069322,0),
(483,'Кафедра поликлинической и неотложной педиатрии',NULL,165,2069323,0),
(484,'Кафедра детских болезней №1',NULL,165,2069324,0),
(485,'Кафедра детских болезней №2',NULL,165,2069325,0),
(486,'Кафедра детских болезней №3',NULL,165,2069326,0),
(487,'Кафедра детских инфекционных болезней',NULL,165,2069327,0),
(488,'Кафедра детской хирургии и ортопедии',NULL,165,2069328,0),
(489,'Кафедра инфекционных болезней',NULL,165,2069329,0),
(490,'Кафедра микробиологии и вирусологии №1',NULL,165,2069330,0),
(491,'Кафедра нормальной физиологии',NULL,165,2069331,0),
(492,'Кафедра оперативной хирургии и топографической анатомии',NULL,165,2069332,0),
(493,'Кафедра патологической анатомии',NULL,165,2069333,0),
(494,'Кафедра патологической физиологии',NULL,165,2069334,0),
(495,'Кафедра пропедевтики детских болезней',NULL,165,2069335,0),
(496,'Кафедра судебной медицины с курсом правоведения',NULL,165,2069336,0),
(497,'Кафедра хирургических болезней №3',NULL,165,2069337,0),
(498,'Кафедра фармакологии и клинической фармакологии',NULL,165,2069338,0),
(499,'Лечебное дело',NULL,166,56713,0),
(500,'Кафедра общей хирургии',NULL,166,632439,0),
(501,'Кафедра урологии',NULL,166,1590367,0),
(502,'Кафедра акушерства и гинекологии №1',NULL,166,2069285,0),
(503,'Кафедра внутренних болезней №1',NULL,166,2069286,0),
(504,'Кафедра внутренних болезней с основами физиотерапии №2',NULL,166,2069287,0),
(505,'Кафедра поликлинической терапии',NULL,166,2069288,0),
(506,'Кафедра военно-полевой хирургии и военно-морской хирургии с курсом военно-полевой терапии',NULL,166,2069289,0),
(507,'Кафедра глазных болезней №1',NULL,166,2069290,0),
(508,'Кафедра болезней уха, горла, носа',NULL,166,2069291,0),
(509,'Кафедра нервных болезней и нейрохирургии',NULL,166,2069292,0),
(510,'Кафедра пропедевтики внутренних болезней',NULL,166,2069293,0),
(511,'Кафедра психиатрии',NULL,166,2069295,0),
(512,'Кафедра лучевой диагностики и лучевой терапии',NULL,166,2069296,0),
(513,'Кафедра хирургических болезней №1',NULL,166,2069297,0),
(514,'Кафедра хирургических болезней №2',NULL,166,2069298,0),
(515,'Кафедра онкологии',NULL,166,2069299,0),
(516,'Кафедра травматологии и ортопедии',NULL,166,2069300,0),
(517,'Кафедра истории и философии',NULL,166,2069301,0),
(518,'Кафедра анестезиологи и реаниматологии',NULL,166,2069302,0),
(519,'Кафедра управления и экономики фармации,  фармацевтической технологии',NULL,172,1590384,0),
(520,'Кафедра фармацевтической химии и фармакогнозии',NULL,172,1590385,0),
(521,'Кафедра химии',NULL,172,1936803,0),
(522,'Фармация',NULL,172,2069339,0),
(523,'Кафедра стоматологии №1',NULL,170,1936800,0),
(524,'Кафедра стоматологии №2',NULL,170,1936801,0),
(525,'Кафедра стоматологии №3',NULL,170,1936802,0),
(526,'Стоматология',NULL,170,2069340,0),
(527,'Кафедра профессиональных болезней',NULL,175,1590379,0),
(528,'Кафедра биологии и медицинской генетики',NULL,175,2069303,0),
(529,'Кафедра общей и клинической биохимии с курсом органической и неорганической химии №2',NULL,175,2069304,0),
(530,'Кафедра общей гигиены',NULL,175,2069305,0),
(531,'Кафедра гигиены',NULL,175,2069306,0),
(532,'Кафедра общественного здоровья и здравоохранения №1 с курсом истории медицины',NULL,175,2069307,0),
(533,'Кафедра безопасности жизнедеятельности и медицины катастроф',NULL,175,2069308,0),
(534,'Кафедра иностранных языков с курсом латинского языка',NULL,175,2069309,0),
(535,'Кафедра кожных и венерических болезней',NULL,175,2069310,0),
(536,'Кафедра микробиологии и вирусологии №2',NULL,175,2069311,0),
(537,'Кафедра экономической и социальной теории',NULL,175,2069312,0),
(538,'Кафедра медицинской и биологической физики',NULL,175,2069313,0),
(539,'Кафедра туберкулеза',NULL,175,2069314,0),
(540,'Кафедра физической культуры, лечебной физкультуры и спортивной медицины',NULL,175,2069315,0),
(541,'Кафедра эпидемиологии',NULL,175,2069316,0),
(542,'Медико-профилактическое дело',NULL,175,2069317,0),
(543,'Металлических, деревянных и пластмассовых конструкций',NULL,112,11769,0),
(544,'Железобетонных и каменных конструкций',NULL,112,20881,0),
(545,'Организации строительства',NULL,112,45794,0),
(546,'Сопротивления материалов',NULL,112,45797,0),
(547,'Технологии строительного производства',NULL,112,45809,0),
(548,'Инженерной геологии, оснований и фундаментов',NULL,112,1729919,0),
(549,'Городского строительства и хозяйства',NULL,112,1827022,0),
(550,'Строительства уникальных зданий и сооружений',NULL,112,1827023,0),
(551,'Права, культурологии и психолого-педагогических дисциплин',NULL,112,1827025,0),
(552,'Маркетинга и логистики',NULL,114,12486,0),
(553,'Прикладной математики и вычислительной техники',NULL,114,13727,0),
(554,'Информационных систем в строительстве',NULL,114,20813,0),
(555,'Бухгалтерского учета и аудита',NULL,114,22529,0),
(556,'Финансов и кредита',NULL,114,25575,0),
(557,'Экономики, менеджмента и логистики в строительстве (бывш. Экономики и управления в строительстве)',NULL,114,35886,0),
(558,'Экономической теории и предпринимательства',NULL,114,45806,0),
(559,'Технической механики (бывш. Теоретической механики)',NULL,114,45814,0),
(560,'Высшей математики',NULL,114,45817,0),
(561,'Инженерной геометрии и компьютерной графики (бывш. Начертательной геометрии и черчения)',NULL,114,1875151,0),
(562,'Экономической безопасности, учета и анализа (бывш. Управленческого учета и анализа)',NULL,114,1939456,0),
(563,'Автомобильных дорог',NULL,113,16203,0),
(564,'Организации перевозок и дорожного движения',NULL,113,18862,0),
(565,'Механизации, автоматизации и энергообеспечения строительства (бывш. Электротехники и автоматики)',NULL,113,45803,0),
(566,'Высшей геодезии и фотограмметрии',NULL,113,45818,0),
(567,'Прикладной геодезии',NULL,113,45819,0),
(568,'Иностранных языков',NULL,113,45821,0),
(569,'Технической эксплуатации и сервиса автомобилей и оборудования',NULL,113,748154,0),
(570,'Физического воспитания и спорта',NULL,113,1939452,0),
(571,'Экономики и управления проектами',NULL,116,1827028,0),
(572,'Информационных технологий',NULL,116,1827029,0),
(573,'Инженерной защиты окружающей среды',NULL,115,21403,0),
(574,'Технологии вяжущих веществ, бетонов и стройкерамики',NULL,115,22135,0),
(575,'Пожарной безопасности и защиты в чрезвычайных ситуациях (Пожарной и производственной безопасности)',NULL,115,24243,0),
(576,'Отопления, вентиляции и кондиционирования',NULL,115,27199,0),
(577,'Теплогазоснабжения и вентиляции',NULL,115,27714,0),
(578,'Физики и химии',NULL,115,45812,0),
(579,'Водоснабжения и водоотведения',NULL,115,421612,0),
(580,'Строительных материалов',NULL,115,1827026,0),
(581,'Безопасности технологических процессов и производств',NULL,115,1939451,0),
(582,'Философии и социально-гуманитарных дисциплин (бывш. Истории и философии, Истории и политологии)',NULL,117,45800,0),
(583,'Экономики природопользования и кадастра',NULL,117,45805,0),
(584,'Русского языка',NULL,117,1827020,0),
(585,'Архитектуры (бывш. Архитектуры и градостроительства)',NULL,117,1827021,0),
(586,'Дизайна',NULL,117,1939457,0),
(587,'Архитектурной реставрации, реконструкции и истории архитектуры',NULL,117,1939458,0),
(588,'Градостроительства и проектирования зданий',NULL,117,1992543,0),
(589,'Изобразительного искусства',NULL,117,1992545,0),
(590,'Кафедра массовых коммуникаций и прикладной лингвистики',NULL,103,1884290,0),
(591,'Кафедра государственного и муниципального управления',NULL,103,1884291,0),
(592,'Кафедра иностранных языков',NULL,103,1884292,0),
(593,'Кафедра социальных технологий',NULL,103,1884293,0),
(594,'Кафедра физического воспитания',NULL,103,1884294,0),
(595,'Кафедра философии и истории Отечества',NULL,103,1884295,0),
(596,'Кафедра теории организации и управления персоналом',NULL,103,1976426,0),
(597,'Гостиничное дело',NULL,103,2069379,0),
(598,'Государственное и муниципальное управление',NULL,103,2069380,0),
(599,'Реклама и связи с общественностью',NULL,103,2069381,0),
(600,'Туризм',NULL,103,2069382,0),
(601,'Управление персоналом',NULL,103,2069383,0),
(602,'Кафедра «Технология металлов»',NULL,102,15722,0),
(603,'Кафедра «Электрический подвижной состав»',NULL,102,18440,0),
(604,'Кафедра «Вагоны и вагонное хозяйство»',NULL,102,18820,0),
(605,'Кафедра «Тепловозы и тепловозное хозяйство»',NULL,102,24477,0),
(606,'Кафедра «Строительная механика»',NULL,102,26124,0),
(607,'Кафедра «Экономика транспорта»',NULL,102,30181,0),
(608,'Кафедра «Безопасность жизнедеятельности»',NULL,102,36069,0),
(609,'Кафедра «Локомотивы и локомотивное хозяйство»',NULL,102,45843,0),
(610,'Кафедра «Теоретическая механика»',NULL,102,45844,0),
(611,'Подвижной состав железных дорог',NULL,102,2069397,0),
(612,'Техносферная безопасность',NULL,102,2069398,0),
(613,'Кафедра «Транспортные машины и триботехника»',NULL,105,45834,0),
(614,'Кафедра «Эксплуатация и ремонт машин»',NULL,105,45835,0),
(615,'Кафедра «Основы проектирования машин»',NULL,105,45836,0),
(616,'Кафедра «Химия»',NULL,105,45837,0),
(617,'Наземные транспортно-технологические средства',NULL,105,2069384,0),
(618,'Эксплуатация транспортно-технологических машин и комплексов',NULL,105,2069385,0),
(619,'Прикладная механика',NULL,105,2069386,0),
(620,'Сервис',NULL,105,2069387,0),
(621,'Технологические машины и оборудование',NULL,105,2069388,0),
(622,'Кафедра «Путь и путевое хозяйство»',NULL,106,20130,0),
(623,'Мосты и транспортные тоннели',NULL,106,24062,0),
(624,'Кафедра «Изыскание, проектирование и строительство железных дорог»',NULL,106,37894,0),
(625,'Кафедра «Начертательная геометрия и инженерная графика»',NULL,106,45839,0),
(626,'Строительство железных дорог, мостов и транспортных тоннелей',NULL,106,2069392,0),
(627,'Землеустройство и кадастры',NULL,106,2069393,0),
(628,'Строительство',NULL,106,2069394,0),
(629,'Кафедра «Административное право и уголовно-правовые дисциплины»',NULL,104,20160,0),
(630,'Кафедра «Экономика и финансы»',NULL,104,23844,0),
(631,'Кафедра «Экономика и менеджмент»',NULL,104,38420,0),
(632,'Кафедра «Экономика, учет и анализ» (Бухгалтерский учет и аудит)',NULL,104,45851,0),
(633,'Кафедра «Экономика и предпринимательство»',NULL,104,45852,0),
(634,'Кафедра «Теория государства и права»',NULL,104,45853,0),
(635,'Кафедра «Гражданское право и процесс»',NULL,104,45854,0),
(636,'Кафедра «Документоведение и информационное обеспечение управления»',NULL,104,45855,0),
(637,'Кафедра «Экономика и политология»',NULL,104,45856,0),
(638,'Экономика',NULL,104,2069402,0),
(639,'Юриспруденция',NULL,104,2069403,0),
(640,'Менеджмент',NULL,104,2069404,0),
(641,'Экономическая безопасность',NULL,104,2069405,0),
(642,'Финансы и кредит',NULL,104,2069406,0),
(643,'Кафедра «Автоматизированные системы электроснабжения»',NULL,107,42875,0),
(644,'Кафедра «Физики»',NULL,107,45847,0),
(645,'Кафедра «Теоретические основы электротехники»',NULL,107,45848,0),
(646,'Кафедра «Электрические машины и аппараты»',NULL,107,45849,0),
(647,'Кафедра «Теплоэнергетика на железнодорожном транспорте»',NULL,107,45850,0),
(648,'Теплоэнергетика и теплотехника',NULL,107,2069399,0),
(649,'Электроэнергетика и электротехника',NULL,107,2069400,0),
(650,'Системы обеспечения движения поездов',NULL,107,2069401,0),
(651,'Экономика транспорта',NULL,108,30470,0),
(652,'Кафедра «Железнодорожные войска и общевоенная подготовка»',NULL,111,2069407,0),
(653,'Кафедра «Военные сообщения и воспитательная работа»',NULL,111,2069408,0),
(654,'Кафедра «Связь на железнодорожном транспорте»',NULL,109,11780,0),
(655,'Кафедра «Вычислительная техника и автоматизированные системы управления»',NULL,109,17675,0),
(656,'Кафедра «Автоматика и телемеханика на железнодорожном транспорте»',NULL,109,36299,0),
(657,'Кафедра «Информатика»',NULL,109,45828,0),
(658,'Кафедра «Высшая математика - 1»',NULL,109,45829,0),
(659,'Системы обеспечения движения поездов',NULL,109,2069389,0),
(660,'Информационные системы и технологии',NULL,109,2069390,0),
(661,'Информатика и вычислительная техника',NULL,109,2069391,0),
(662,'Кафедра «Станции и грузовая работа»',NULL,101,16995,0),
(663,'Кафедра «Управление эксплуатационной работой»',NULL,101,45841,0),
(664,'Кафедра «Высшая математика»',NULL,101,45842,0),
(665,'Кафедра «Логистика и управление транспортными системами»',NULL,101,1180879,0),
(666,'Эксплуатация железных дорог',NULL,101,2069395,0),
(667,'Менеджмент',NULL,101,2069396,0),
(668,'Кафедра иностранных языков',NULL,120,30202,0),
(669,'Кафедра журналистики',NULL,120,36320,0),
(670,'Кафедра лингвистики и межкультурной коммуникации',NULL,120,41737,0),
(671,'Кафедра русского языка и культуры речи',NULL,120,2069375,0),
(672,'Лингвистика',NULL,120,2069376,0),
(673,'Журналистика',NULL,120,2069377,0),
(674,'Зарубежное регионоведение',NULL,120,2069378,0),
(675,'Кафедра фундаментальной и прикладной математики',NULL,119,1846252,0),
(676,'Кафедра информационных систем и прикладной информатики',NULL,119,1846253,0),
(677,'Кафедра информационных технологий и защиты информации',NULL,119,1846254,0),
(678,'Кафедра физического воспитания, спорта и туризма',NULL,119,1846255,0),
(679,'Прикладная информатика',NULL,119,2069365,0),
(680,'Информационные системы и технологии',NULL,119,2069366,0),
(681,'Информационная безопасность',NULL,119,2069367,0),
(682,'Бизнес-информатика',NULL,119,2069368,0),
(683,'Прикладная математика и информатика',NULL,119,2069369,0),
(684,'Кафедра общего и стратегического менеджмента',NULL,121,1846242,0),
(685,'Кафедра управления персоналом и социологии',NULL,121,1846243,0),
(686,'Кафедра инновационного менеджмента и предпринимательства',NULL,121,1846244,0),
(687,'Кафедра антикризисного и корпоративного управления',NULL,121,1846245,0),
(688,'Кафедра финансового менеджмента',NULL,121,1884500,0),
(689,'Кафедра государственного, муниципального управления и экономической безопасности',NULL,121,1884503,0),
(690,'Менеджмент',NULL,121,2069355,0),
(691,'Государственное и муниципальное управление',NULL,121,2069356,0),
(692,'Сервис',NULL,121,2069357,0),
(693,'Управление персоналом',NULL,121,2069358,0),
(694,'Экономическая безопасность',NULL,121,2069359,0),
(695,'Кафедра теории и истории государства и права',NULL,118,45873,0),
(696,'Кафедра исторических наук и политологии',NULL,118,45874,0),
(697,'Кафедра теоретической и прикладной коммуникативистики',NULL,118,45875,0),
(698,'Кафедра гражданского права',NULL,118,45876,0),
(699,'Кафедра конституционного и муниципального права',NULL,118,45877,0),
(700,'Кафедра финансового и административного права',NULL,118,45878,0),
(701,'Кафедра уголовного и уголовно-исполнительного права, криминологии',NULL,118,45880,0),
(702,'Кафедра процессуального права',NULL,118,1441527,0),
(703,'Кафедра судебной экспертизы и криминалистики',NULL,118,1922829,0),
(704,'Кафедра гражданского процесса',NULL,118,2069373,0),
(705,'Юриспруденция',NULL,118,2069374,0),
(706,'Кафедра философии и культурологии',NULL,122,1846246,0),
(707,'Кафедра коммерции и логистики',NULL,122,1846247,0),
(708,'Кафедра маркетинга и рекламы',NULL,122,1846248,0),
(709,'Кафедра международной торговли и таможенного дела',NULL,122,1846249,0),
(710,'Кафедра экономической теории',NULL,122,1846250,0),
(711,'Кафедра товароведения и управления качеством',NULL,122,1846251,0),
(712,'Торговое дело',NULL,122,2069360,0),
(713,'Товароведение',NULL,122,2069361,0),
(714,'Управление качеством',NULL,122,2069362,0),
(715,'Организация работы с молодежью',NULL,122,2069363,0),
(716,'Реклама и связи с общественностью',NULL,122,2069364,0),
(717,'Кафедра банковского дела',NULL,123,1846237,0),
(718,'Кафедра финансов',NULL,123,1846238,0),
(719,'Кафедра финансово-экономического инжиниринга',NULL,123,1846239,0),
(720,'Кафедра мировой экономики, политики и глобализации (Международных экономических отношений)',NULL,123,1846240,0),
(721,'Кафедра национальной и региональной экономики',NULL,123,1846241,0),
(722,'Кафедра финансового мониторинга и финансовых рынков',NULL,123,1922828,0),
(723,'Кафедра экономики региона, отраслей и предприятий',NULL,123,2069371,0),
(724,'Экономика',NULL,123,2069372,0),
(725,'Кафедра бухгалтерского учета',NULL,124,9294,0),
(726,'Кафедра матстатистики, эконометрики и актуарных расчетов',NULL,124,30089,0),
(727,'Кафедра налогов и налогообложения',NULL,124,41276,0),
(728,'Кафедра аудита',NULL,124,45869,0),
(729,'Кафедра анализа хозяйственной деятельности и прогнозирования',NULL,124,45870,0),
(730,'Кафедра социально-экономической и региональной статистики',NULL,124,45871,0),
(731,'Экономика',NULL,124,2069370,0),
(732,'Экономика (Бухгалтерский учет, анализ и аудит)',NULL,124,2134999,0),
(733,'Экономика (Налоги и налогообложение)',NULL,124,2135000,0),
(734,'Экономика (Анализ и управление рисками)',NULL,124,2135001,0),
(735,'Экономика (Бизнес-анализ и прогнозирование в организациях)',NULL,124,2135002,0),
(736,'Кафедра гуманитарных и социально-экономических дисциплин',NULL,179,45887,0),
(737,'Кафедра государственно-правовых и политико-философских дисциплин',NULL,179,45889,0),
(738,'Кафедра теории и истории государства и права',NULL,179,45890,0),
(739,'Кафедра гражданско-правовых дисциплин',NULL,179,45891,0),
(740,'Кафедра уголовного процесса',NULL,179,45892,0),
(741,'Кафедра криминалистики',NULL,179,45893,0),
(742,'Кафедра административного права',NULL,179,45894,0),
(743,'Кафедра оперативно-разыскной деятельности и спец.техники',NULL,179,45895,0),
(744,'Кафедра информационного обеспечения ОВД',NULL,179,45896,0),
(745,'Кафедра криминологии и уголовно-исполнительного права',NULL,179,45897,0),
(746,'Кафедра уголовного права и криминологии',NULL,179,45898,0),
(747,'Кафедра юридической психологии',NULL,179,45899,0),
(748,'Кафедра тактико-специальной подготовки',NULL,179,45900,0),
(749,'Кафедра боевой подготовки',NULL,179,45901,0),
(750,'Кафедра физической подготовки',NULL,179,45902,0),
(751,'Кафедра иностранных языков',NULL,179,2069202,0),
(752,'Кафедра криминалистики и оперативно-разыскной деятельности',NULL,179,2069203,0),
(753,'Правоохранительная деятельность',NULL,179,2069204,0),
(754,'Правовое обеспечение национальной безопасности',NULL,179,2069205,0),
(755,'Юриспруденция',NULL,181,2069199,0),
(756,'Правоохранительная деятельность',NULL,181,2069200,0),
(757,'Правовое обеспечение национальной безопасности',NULL,181,2069201,0),
(758,'Теории и истории права и государства',NULL,186,63889,0),
(759,'Конституционного и муниципального права',NULL,186,63890,0),
(760,'Гражданского и предпринимательского права',NULL,186,63891,0),
(761,'Процессуального права',NULL,186,63892,0),
(762,'Уголовно-правовых дисциплин',NULL,186,63893,0),
(763,'Административного и служебного права',NULL,186,63894,0),
(764,'Земельного и экологического права',NULL,186,1807944,0),
(765,'Международных экономических отношений',NULL,187,1807941,0),
(766,'Налогообложения и бухгалтерского учета',NULL,187,1807942,0),
(767,'Государственного и муниципального управления',NULL,188,1807937,0),
(768,'Менеджмента',NULL,188,1807938,0),
(769,'Экономики финансов и природопользования',NULL,188,1807939,0),
(770,'Экономической теории и предпринимательства',NULL,188,1807940,0),
(771,'Политологии и этнополитики',NULL,189,1807950,0),
(772,'Финансы и кредит',NULL,127,1818474,0),
(773,'Налоги и налогообложение',NULL,127,1818475,0),
(774,'Мировая экономика',NULL,127,1818476,0),
(775,'Бухгалтерский учет, анализ и аудит',NULL,127,1818477,0),
(776,'Зарубежная филология',NULL,127,1818478,0),
(777,'Прикладная филология',NULL,127,1818479,0),
(778,'Психология',NULL,126,1818466,0),
(779,'Прикладная информатика',NULL,126,1818467,0),
(780,'Управление проектами',NULL,126,1818468,0),
(781,'Маркетинг',NULL,126,1818469,0),
(782,'Управление человеческими ресурсами',NULL,126,1818470,0),
(783,'Логистика',NULL,126,1818471,0),
(784,'Информационный менеджмент',NULL,126,1818472,0),
(785,'Финансовый менеджмент',NULL,126,1818473,0),
(786,'Бизнес-право',NULL,128,1818455,0),
(787,'Финансовое право',NULL,128,1818456,0),
(788,'Правоохранительная деятельность',NULL,128,1818457,0),
(789,'Таможенное право',NULL,128,1818458,0),
(790,'Международное право',NULL,128,1818459,0),
(791,'Спортивное право',NULL,128,1818460,0),
(792,'Медицинское право',NULL,128,1818461,0),
(793,'Страховое право',NULL,128,1818462,0),
(794,'Национальная безопасность',NULL,128,1818463,0),
(795,'Международный маркетинг',NULL,129,1818464,0),
(796,'Туризм и гостиничное дело',NULL,129,1818465,0),
(797,'Кафедра теории рекламы и рекламных технологий',NULL,205,32026,0),
(798,'Реклама и связи с общественностью',NULL,205,2069198,0),
(799,'Коммерция',NULL,204,95013,0),
(800,'Бухгалтерский учет и аудит',NULL,204,183405,0),
(801,'Маркетинг',NULL,204,188509,0),
(802,'Финансовый менеджмент',NULL,204,303415,0),
(803,'Правовой менеджмент',NULL,204,303416,0),
(804,'Информационные системы в экономике',NULL,204,303417,0),
(805,'Экономика',NULL,204,1995817,0),
(806,'Кафедра экономики и финансов',NULL,204,2069190,0),
(807,'Кафедра информатики и математики',NULL,204,2069191,0),
(808,'Бизнес-информатика',NULL,204,2069192,0),
(809,'Финансы и кредит',NULL,204,2069193,0),
(810,'Психология бизнеса',NULL,202,249304,0),
(811,'Психологическое консультирование',NULL,202,303421,0),
(812,'Социальная психология',NULL,202,303422,0),
(813,'Кафедра общей и дифференциальной психологии',NULL,202,2069195,0),
(814,'Кафедра прикладной психологии',NULL,202,2069196,0),
(815,'Психология',NULL,202,2069197,0),
(816,'Кафедру уголовно-правового цикла',NULL,206,278335,0),
(817,'Кафедру гражданско-правового цикла',NULL,206,301545,0),
(818,'Кафедра государственно-правового цикла',NULL,206,1995818,0),
(819,'Юриспруденция',NULL,206,2069194,0),
(820,'Дизайн',NULL,203,86685,0),
(821,'Кафедра графического дизайна',NULL,203,1995814,0),
(822,'Кафедра средового дизайна',NULL,203,1995815,0),
(823,'Философская антропология',NULL,207,77852,0),
(824,'Философия религии и эзотерические учения',NULL,207,303325,0),
(825,'Технология хранения и переработки зерна',NULL,212,1966831,0),
(826,'Технология хлебопекарного, кондитерского и макаронного производства',NULL,212,1966832,0),
(827,'Машины и аппараты пищевых производств',NULL,212,1966833,0),
(828,'Автоматизация технологических процессов и производств',NULL,212,1966834,0),
(829,'Технология жиров, эфирных масел и парфюмерно-косметических продуктов',NULL,212,1966835,0),
(830,'Технология консервов и пищеконцентратов',NULL,212,1966836,0),
(831,'Технология сахаристых продуктов',NULL,212,1966837,0),
(832,'Технология бродильных производств и виноделия',NULL,213,1966828,0),
(833,'Технология продуктов общественного питания',NULL,213,1966829,0),
(834,'Товароведение и экспертиза товаров',NULL,213,1966830,0),
(835,'Бухгалтерский учет, анализ и аудит',NULL,209,36358,0),
(836,'Экономика',NULL,209,1966826,0),
(837,'Финансы и кредит',NULL,209,1966827,0),
(838,'Кафедра государственно-правовых дисциплин',NULL,216,1875691,0),
(839,'Кафедра гражданского права',NULL,216,1875692,0),
(840,'Кафедра гражданского процессуального права',NULL,216,1875693,0),
(841,'Кафедра гуманитарных и социально-экономических дисциплин',NULL,216,1875694,0),
(842,'Кафедра международного права',NULL,216,1875695,0),
(843,'Кафедра общеобразовательных дисциплин',NULL,216,1875696,0),
(844,'Кафедра теории и истории права и государства',NULL,216,1875697,0),
(845,'Кафедра уголовного права',NULL,216,1875698,0),
(846,'Кафедра уголовно-процессуального права',NULL,216,1875699,0),
(847,'Кафедра языкознания и иностранных языков',NULL,216,1875701,0),
(848,'Юриспруденция',NULL,216,2069409,0),
(849,'Электрические станции',NULL,219,33620,0),
(850,'ЭСиС',NULL,219,41850,0),
(851,'Автоматизированные электроэнергетические системы',NULL,219,45965,0),
(852,'Электроснабжение промышленных предприятий и городов',NULL,219,917692,0),
(853,'Парогенераторостроение  ',NULL,219,917693,0),
(854,'Автоматика и телемеханика',NULL,220,14706,0),
(855,'Программное обеспечение вычислительной техники',NULL,220,28517,0),
(856,'ЭВМ',NULL,220,30811,0),
(857,'Автоматизированные системы управления',NULL,220,45930,0),
(858,'Информационно-измерительная и медицинская техника',NULL,220,45931,0),
(859,'Информатика',NULL,220,45932,0),
(860,'Экономика и управление предприятием',NULL,222,40535,0),
(861,'Юриспруденция',NULL,222,45957,0),
(862,'ЭТ',NULL,222,45958,0),
(863,'Философия',NULL,222,45959,0),
(864,'Социология и психология',NULL,222,45960,0),
(865,'Экономика и организация производства',NULL,222,45961,0),
(866,'Культурология и Дизайн',NULL,222,45962,0),
(867,'Английского и французского языков',NULL,222,45963,0),
(868,'Теории государства и права и отечественной истории',NULL,222,917663,0),
(869,'Государственное и муниципальное управление и экономическая теория',NULL,222,917665,0),
(870,'Электромеханика',NULL,223,45942,0),
(871,'Электрические и электронные аппараты',NULL,223,45943,0),
(872,'Электропривод и автоматика',NULL,223,45944,0),
(873,'Теоретическая электротехника и электрооборудование',NULL,223,45945,0),
(874,'Нефтегазопромысловые и горные машины и оборудование',NULL,223,45946,0),
(875,'Подъемно транспортные машины и роботы',NULL,223,45947,0),
(876,'Строительные, дорожные и коммунальные машины',NULL,223,45948,0),
(877,'Гидропневмоавтоматики и гидропривод',NULL,223,45949,0),
(878,'Автоматизация производства, робототехника и мехатроника',NULL,223,45950,0),
(879,'Геофизика, техника разведки и бурение нефтегазовых скважин',NULL,225,45933,0),
(880,'Месторождения и разведка полезных ископаемых',NULL,225,45934,0),
(881,'Геоэкология, гидрогеология и инженерная геология',NULL,225,45935,0),
(882,'Подземная разработка месторождений полезных ископаемых',NULL,225,45936,0),
(883,'Открытая разработка месторождений полезных ископаемых',NULL,225,45937,0),
(884,'Маркшейдерское дело и геодезия',NULL,225,917638,0),
(885,'Безопасность жизнедеятельности и охрана окружающей среды',NULL,225,917639,0),
(886,'Высшей математики',NULL,226,45938,0),
(887,'Общая и прикладная физика',NULL,226,45939,0),
(888,'Теоретическая механика',NULL,226,45940,0),
(889,'Прикладная математика',NULL,226,45941,0),
(890,'САПР ОСФ',NULL,228,45968,0),
(891,'Инженерная экология и защита окружающей среды',NULL,228,45969,0),
(892,'Водное хозяйство предприятий и населенных мест',NULL,228,45970,0),
(893,'Строительство и архитектура',NULL,228,45971,0),
(894,'Сопротивление материалов, строительная и прикладная механика',NULL,228,45972,0),
(895,'Технология машиностроения',NULL,221,34536,0),
(896,'Материаловедение и технология материалов',NULL,221,45977,0),
(897,'Основы конструирования машин',NULL,221,45978,0),
(898,'Инженерная и компьютерная графика',NULL,221,45979,0),
(899,'Автомобильного транспорта и организации дорожного движения',NULL,221,45980,0),
(900,'Двигатели внутреннего сгорания',NULL,221,45981,0),
(901,'Инженерных войск',NULL,229,45973,0),
(902,'Войск связи',NULL,229,45974,0),
(903,'Военно-воздушных сил',NULL,229,45975,0),
(904,'ХТВСОФиКХ',NULL,227,45966,0),
(905,'Машины и аппараты химических и пищевых производств',NULL,227,917683,0),
(906,'Автоматизация и управление технологическими процессами и производствами',NULL,227,917684,0),
(907,'Технология неорганических веществ',NULL,227,917685,0),
(908,'Технология электрохимических производств',NULL,227,917686,0),
(909,'Технологии керамики, стекла и вяжущих веществ',NULL,227,917687,0),
(910,'Аналитическая химия, стандартизация и сертификация',NULL,227,917688,0),
(911,'Общей и неорганической химии',NULL,227,917689,0),
(912,'Кафедра уголовного права',NULL,231,64487,0),
(913,'Кафедра гражданско-правовых дисциплин',NULL,231,88282,0),
(914,'Кафедра теории и истории государства и права',NULL,231,207967,0),
(915,'Кафедра уголовного процесса и криминалистики',NULL,231,1995821,0),
(916,'Кафедра административного и таможенного права',NULL,231,1995822,0),
(917,'Кафедра конституционного и международного права',NULL,231,1995823,0),
(918,'Юриспруденция',NULL,231,2069279,0),
(919,'Таможенное дело',NULL,233,1995824,0),
(920,'Кафедра информатики и информационных таможенных технологий',NULL,230,214019,0),
(921,'Кафедра таможенных операций и таможенного контроля (Организации таможенного контроля и технических средств таможенного контроля)',NULL,230,303216,0),
(922,'Кафедра товароведения и таможенной экспертизы',NULL,230,1995819,0),
(923,'Таможенное дело',NULL,230,2069276,0),
(924,'Кафедра экономической теории и международных экономических отношений',NULL,232,50017,0),
(925,'Кафедра управления и экономики таможенного дела',NULL,232,1384211,0),
(926,'Экономика',NULL,232,2069277,0),
(927,'Менеджмент',NULL,232,2069278,0),
(928,' Кафедра общенаучной подготовки',NULL,234,1866392,0),
(929,' Кафедра экономики и управления',NULL,234,1866393,0),
(930,' Кафедра многоканальных телекоммуникационных систем',NULL,234,1866394,0),
(931,' Кафедра сетей связи и систем коммутации',NULL,234,1866395,0),
(932,' Кафедра систем передачи и обработки информации',NULL,234,1866396,0),
(933,'Экономика и управление на предприятии связи',NULL,234,2069414,0),
(934,'Многоканальные телекоммуникационные системы',NULL,234,2069415,0),
(935,'Сети связи и системы коммутации',NULL,234,2069416,0),
(936,'Вычислительные машины, комплексы, системы и сети',NULL,234,2069417,0),
(937,'Кафедра общенаучной подготовки',NULL,235,1866387,0),
(938,'Кафедра экономики и управления',NULL,235,1866388,0),
(939,'Кафедра многоканальных телекоммуникационных систем',NULL,235,1866389,0),
(940,'Кафедра сетей связи и систем коммутации',NULL,235,1866390,0),
(941,'Кафедра систем передачи и обработки информации',NULL,235,1866391,0),
(942,' Кафедра инфокоммуникационных технологий и систем связи',NULL,236,2101923,0),
(943,' Кафедра информатики и вычислительной техники',NULL,236,2101924,0),
(944,' Кафедра экономики и управления',NULL,236,2101925,0),
(945,' Кафедра общенаучной подготовки',NULL,236,2101926,0),
(946,'Инфокоммуникационные технологии и системы связи (Многоканальные телекоммуникационные системы)',NULL,236,2101927,0),
(947,'Инфокоммуникационные технологии и системы связи (Сети связи и системы коммутации)',NULL,236,2101928,0),
(948,'Инфокоммуникационные технологии и системы связи (Защищенные системы и сети связи)',NULL,236,2101929,0),
(949,'Инфокоммуникационные технологии и системы связи (Системы радиосвязи и радиодоступа)',NULL,236,2101930,0),
(950,'Информатика и вычислительная техника (Вычислительные машины, комплексы, системы и сети)',NULL,236,2101931,0),
(951,'Информатика и вычислительная техника (Программное обеспечение и интеллектуальные системы)',NULL,236,2101932,0),
(952,'Перевода',NULL,237,41213,0),
(953,'Психологии',NULL,237,63407,0),
(954,'Английского языка',NULL,237,106140,0),
(955,'Кафедра уголовно-правовых дисциплин',NULL,239,1995826,0),
(956,'Кафедра гражданско-правовых дисциплин',NULL,239,1995827,0),
(957,'Кафедра государственно-правовых дисциплин',NULL,239,1995828,0),
(958,'Кафедра теории и истории права и государства',NULL,239,1995829,0),
(959,'Юриспруденция',NULL,239,2069280,0),
(960,'Кафедра менеджмента',NULL,238,949952,0),
(961,'Кафедра экономики, бухгалтерского учета и налогообложения',NULL,238,1014937,0),
(962,'Кафедра общегуманитарных дисциплин',NULL,238,1995825,0),
(963,'Экономика',NULL,238,2069281,0),
(964,'Менеджмент',NULL,238,2069282,0),
(965,'Бухгалтерский учет, анализ и аудит',NULL,238,2069283,0),
(966,'Менеджмент организации',NULL,238,2069284,0),
(967,' Кафедра «Автосервис»',NULL,254,19962,0),
(968,' Кафедра «Радиоэлектроника» (Бытовая радиоэлектронная аппаратура)',NULL,254,45988,0),
(969,' Кафедра «Информационные технологии в сервисе» (Сервис компьютерной и микропроцессорной техники, Сервис электронных систем безопасности, Сервис аппаратуры спутникового и кабельного телевидения, Информационный сервис)',NULL,254,45990,0),
(970,' Кафедра «Моделирование, конструирование и технология швейных изделий»',NULL,254,130309,0),
(971,' Кафедра «Эксплуатация транспортных систем, машин и комплексов» (Организация и безопасность дорожного движения)',NULL,254,278836,0),
(972,' Кафедра «Физическая культура и спортивно-оздоровительные технологии»',NULL,254,1995756,0),
(973,' Кафедра «Естественные и общетехнические дисциплины»',NULL,254,1995757,0),
(974,'Сервис',NULL,254,2069177,0),
(975,'Эксплуатация транспортных средств',NULL,254,2069178,0),
(976,'Радиотехника',NULL,254,2069179,0),
(977,'Телекоммуникации',NULL,254,2069180,0),
(978,'Информационные системы и технологии',NULL,254,2069181,0),
(979,'Технология, конструирование изделий и материалы легкой промышленности',NULL,254,2069182,0),
(980,'Дизайн',NULL,254,2069183,0),
(981,' Кафедра «Туризм и индустрия гостеприимства» (Социально-культурный сервис и туризм)',NULL,255,45986,0),
(982,' Кафедра «Иностранные языки»',NULL,255,1995754,0),
(983,' Кафедра «Социально-гуманитарные дисциплины»',NULL,255,1995755,0),
(984,'Социально-культурный сервис и туризм',NULL,255,2069188,0),
(985,'Туризм',NULL,255,2069189,0),
(986,' Кафедра «Бухгалтерский учёт, анализ и аудит»',NULL,256,45983,0),
(987,' Кафедра «Финансы и кредит»',NULL,256,45984,0),
(988,'Менеджмент',NULL,256,134486,0),
(989,' Кафедра «Экономика»',NULL,256,191723,0),
(990,' Кафедра «Математика и информатика»',NULL,256,1995753,0),
(991,'Финансы и кредит',NULL,256,2069184,0),
(992,'Бухгалтерский учет, анализ и аудит',NULL,256,2069185,0),
(993,'Экономика и управление на предприятии',NULL,256,2069186,0),
(994,'Экономика',NULL,256,2069187,0),
(995,'Ветеринария',NULL,259,259773,0),
(996,' Кафедра биологии, морфологии и вирусологии (бывш. Анатомии домашних животных, биологии и гистологии, Микробиологии, вирусологии, патанатомии)',NULL,259,1231611,0),
(997,' Кафедра акушерства, хирургии и физиологии домашних животных',NULL,259,1231612,0),
(998,' Кафедра паразитологии, ветеринарно-санитарной экспертизы и эпизоотологии',NULL,259,1231614,0),
(999,' Кафедра терапии и пропедевтики (бывш. Внутренних незаразных  болезней  и патофизиологии, Физиологии с.-х. животных, клинической диагностики и фармакологии)',NULL,259,1231615,0),
(1000,' Кафедра естественнонаучных дисциплин (бывш. Химии, Неорганической и аналитической химии, Биологической, органической, физической и коллоидной химии)',NULL,259,1231619,0),
(1001,' Кафедра экспериментальной ветеринарии',NULL,259,1995880,0),
(1002,'Ветеринарно-санитарная экспертиза',NULL,259,2060356,0),
(1003,'Кафедра экономики и управления (бывш. Управления и предпринимательства, Экономика и управление на предприятии, Отраслевой и мировой экономики)',NULL,257,132825,0),
(1004,' Кафедра информатики, моделирования и статистики',NULL,257,1231584,0),
(1005,' Кафедра бухгалтерского учета и финансов',NULL,257,1231585,0),
(1006,' Кафедра иностранных языков',NULL,257,1231588,0),
(1007,' Кафедра теории экономики, менеджмента и права',NULL,257,1231589,0),
(1008,'Экономика и управление на предприятии',NULL,257,2060369,0),
(1009,'Мировая экономика',NULL,257,2060370,0),
(1010,'Менеджмент',NULL,257,2060371,0),
(1011,'Экономика',NULL,257,2060372,0),
(1012,'Агрономия',NULL,258,158419,0),
(1013,' Кафедра растениеводства и экологии',NULL,258,1231592,0),
(1014,' Кафедра агрохимии и садоводства (Агрохимии, почвоведения и защиты растений)',NULL,258,1231594,0),
(1015,' Кафедра плодоовощеводства и виноградарства',NULL,258,1231595,0),
(1016,' Кафедра агроэкологии и физиологии растений',NULL,258,1231596,0),
(1017,' Кафедра земледелия и технологии хранения растениеводческой продукции',NULL,258,1231597,0),
(1018,' Кафедра инновационных технологий в земледелии',NULL,258,1995881,0),
(1019,' Кафедра философии и истории Отечества',NULL,258,2060357,0),
(1020,'Экология и природопользование',NULL,258,2060358,0),
(1021,'Агрохимия и агропочвоведение',NULL,258,2060359,0),
(1022,'Садоводство',NULL,258,2060360,0),
(1023,'Профессиональное обучение (по отраслям)',NULL,261,153494,0),
(1024,'Технология производства и переработки сельскохозяйственной продукции',NULL,260,79621,0),
(1025,' Кафедра пищевой биотехнологии (бывш. Технологии молока и пищевой биотехнологии)',NULL,260,1231602,0),
(1026,' Кафедра высшей математики и физики',NULL,260,1231603,0),
(1027,' Кафедра технологии продуктов питания (бывш. Технология мясных и рыбных продуктов, Технологии продуктов общественного питания)',NULL,260,1231606,0),
(1028,' Кафедра разведения сельскохозяйственных животных и зоогигиены (бывш. Разведения, селекции и генетики с.-х. животных, Зоогигиены с основами ветеринарии)',NULL,260,1231622,0),
(1029,' Кафедра частной зоотехнии и кормления сельскохозяйственных животных',NULL,260,1231623,0),
(1030,' Кафедра безопасности жизнедеятельности, механизации и автоматизации технологических процессов и производств',NULL,260,1231627,0),
(1031,' Кафедра птицеводства',NULL,260,1944391,0),
(1032,' Кафедра физического воспитания',NULL,260,1944392,0),
(1033,' Кафедра пищевых технологий',NULL,260,2060361,0),
(1034,' Кафедра товароведения и товарной экспертизы',NULL,260,2060362,0),
(1035,'Зоотехния',NULL,260,2060363,0),
(1036,'Техносферная безопасность',NULL,260,2060365,0),
(1037,'Продукты питания животного происхождения',NULL,260,2060366,0),
(1038,'Биотехнология',NULL,260,2060367,0),
(1039,'Технология продукции и организация общественного питания',NULL,260,2060368,0),
(1040,'Кафедра таможенного дела',NULL,264,1995832,0),
(1041,'Кафедра маркетинга',NULL,264,1995833,0),
(1042,'Кафедра бухгалтерского учёта и экономики',NULL,264,1995834,0),
(1043,'Таможенное дело',NULL,264,2069348,0),
(1044,'Торговое дело (Маркетинг)',NULL,264,2069349,0),
(1045,'Экономика (Бухгалтерский учет, анализ и аудит)',NULL,264,2069350,0),
(1046,'Юриспруденция',NULL,265,1995831,0),
(1047,'Кафедра общеправовых дисциплин',NULL,265,2069351,0),
(1048,'Кафедра гражданско-правовых дисциплин',NULL,265,2069352,0),
(1049,'Кафедра уголовно-правовых дисциплин',NULL,265,2069353,0),
(1050,'Кафедра теории государства и права и политологии',NULL,265,2069354,0),
(1051,'Юриспруденция',NULL,269,2069168,0),
(1052,'Информационное обеспечение гуманитарных наук',NULL,274,156260,0),
(1053,'Менеджмент социально-культурной деятельности',NULL,273,156257,0),
(1054,'Педагогика социокультурной сферы',NULL,273,156258,0),
(1055,'Постановка культурно-досуговых программ',NULL,273,156259,0),
(1056,'Кафедра гуманитарных и социально-экономических дисциплин',NULL,276,2069263,0),
(1057,'Кафедра государственно-правовых дисциплин',NULL,276,2069264,0),
(1058,'Кафедра гражданско-правовых дисциплин',NULL,276,2069265,0),
(1059,'Кафедра уголовного процесса и криминалистики',NULL,276,2069266,0),
(1060,'Кафедра уголовного права и криминологии',NULL,276,2069267,0),
(1061,'Кафедра предпринимательского права, гражданского и арбитражного процесса',NULL,276,2069268,0),
(1062,'Кафедра теории и истории государства и права',NULL,276,2069269,0),
(1063,'Кафедра общеобразовательных и юридических дисциплин',NULL,276,2069270,0),
(1064,'Юриспруденция',NULL,276,2069271,0),
(1065,'Государственное и муниципальное управление',NULL,276,2069272,0),
(1066,'Правовое обеспечение национальной безопасности',NULL,276,2069273,0),
(1067,'Правоохранительная деятельность',NULL,276,2069274,0),
(1068,'Право и организация социального обеспечения',NULL,276,2069275,0),
(1069,'Учетно-статистических дисциплин',NULL,277,1748571,0),
(1070,'Финансы и кредит',NULL,283,651501,0),
(1071,'Экономика предприятий и организаций',NULL,283,651502,0),
(1072,'Бухгалтерский учет, анализ и аудит',NULL,283,1985575,0),
(1073,'Банковское дело',NULL,283,1985576,0),
(1074,'Менеджмент',NULL,284,651500,0),
(1075,'Система государственного и муниципального управления',NULL,284,1985577,0),
(1076,'Финансовый менеджмент',NULL,284,1985578,0),
(1077,'Менеджмент в сфере гостиничного, ресторанного и туристического бизнеса',NULL,284,1985579,0),
(1078,'Производственный менеджмент',NULL,284,1985580,0),
(1079,'Гражданско-правовая',NULL,286,1985582,0),
(1080,'Уголовно-правовая',NULL,286,1985583,0),
(1081,'Прикладная математика и информационные технологии',NULL,285,671022,0),
(1082,'Прикладная информатика в экономике',NULL,285,1985581,0),
(1083,'Техническая эксплуатация летательных аппаратов и двигателей',NULL,384,2069419,0),
(1084,'Менеджмент',NULL,387,2069418,0),
(1085,'Техническая эксплуатация транспортного радиооборудования',NULL,386,632507,0),
(1086,'Техническая эксплуатация авиационных электросистем и пилотажно-навигационных комплексов',NULL,385,2069420,0),
(1087,'Экономика',NULL,287,2069342,0),
(1088,'Менеджмент',NULL,287,2069343,0),
(1089,'Экономика и управление на предприятии',NULL,287,2069344,0),
(1090,'Менеджмент организации',NULL,287,2069345,0),
(1091,'Финансы и кредит',NULL,287,2069346,0),
(1092,'Экономическая безопасность',NULL,292,2069347,0),
(1093,'Прикладная информатика',NULL,291,2069341,0),
(1094,'Менеджмент',NULL,313,1180039,0),
(1095,'Специальной психологии и основ клинической медицины',NULL,319,465032,0),
(1096,'Управление малым бизнесом',NULL,323,1995874,0),
(1097,'Финансы и кредит',NULL,322,1995872,0),
(1098,'Бухгалтерский учет, анализ и аудит',NULL,322,1995873,0),
(1099,'Кафедра экономики и менеджмента',NULL,326,1995871,0),
(1100,'Экономика',NULL,326,2069411,0),
(1101,'Менеджмент',NULL,326,2069412,0),
(1102,'Государственное и муниципальное управление',NULL,326,2069413,0),
(1103,'Кафедра теории и истории государства и права',NULL,327,1995867,0),
(1104,'Кафедра конституционного и муниципального права',NULL,327,1995868,0),
(1105,'Кафедра уголовного права и процесса',NULL,327,1995869,0),
(1106,'Кафедра гражданского права и процесса',NULL,327,1995870,0),
(1107,'Юриспруденция',NULL,327,2069410,0),
(1108,'Кафедра богословия и философии',NULL,328,1816341,0),
(1109,'Кафедра библеистики',NULL,328,1995746,0),
(1110,'Кафедра церковно-исторических дисциплин',NULL,328,1995747,0),
(1111,'Кафедра церковно-практических дисциплин',NULL,328,1995748,0),
(1112,'Кафедра философии и общегуманитарных дисциплин',NULL,328,1995749,0),
(1113,'Кафедра хорового дирижирования',NULL,329,1816342,0),
(1114,'Регент',NULL,329,2069167,0),
(1115,'Кафедра гуманитарных и социально-экономических дисциплин',NULL,337,1846546,0),
(1116,'Кафедра математики, естественнонаучных и общепрофессиональных дисциплин',NULL,337,1846547,0),
(1117,'Кафедра эксплуатации водного транспорта',NULL,337,1846548,0),
(1118,'Кафедра управления транспортными процессами',NULL,337,1846549,0),
(1119,'Кафедра иностранного языка',NULL,337,1846550,0),
(1120,'Кафедра судовых энергетических установок',NULL,337,1995750,0),
(1121,'Кафедра судовождения и гидрографии',NULL,337,1995751,0),
(1122,'Технология транспортных процессов',NULL,337,2069169,0),
(1123,'Управление водным транспортом и гидрографическое обеспечение судоходства',NULL,337,2069170,0),
(1124,'Судовождение',NULL,337,2069171,0),
(1125,'Эксплуатация судовых энергетических установок',NULL,337,2069172,0),
(1126,'Экономика',NULL,337,2069173,0),
(1127,'Технология транспортных процессов',NULL,338,2069174,0),
(1128,'Судовождение',NULL,338,2069175,0),
(1129,'Эксплуатация судовых энергетических установок',NULL,338,2069176,0),
(1130,'Менеджмент организации торговли',NULL,339,1995842,0),
(1131,'Экономика и управление организацией',NULL,339,1995843,0),
(1132,'Менеджмент на предприятиях туризма',NULL,339,1995844,0),
(1133,'Менеджмент на предприятиях ресторанно-гостиничного бизнеса',NULL,339,1995845,0),
(1134,'Менеджмент организации',NULL,339,1995846,0),
(1135,'Бухгалтерский учет, анализ и аудит',NULL,342,1995839,0),
(1136,'Финансы и кредит',NULL,342,1995840,0),
(1137,'Экономика предприятий и организаций',NULL,342,1995841,0),
(1138,'Коммерция',NULL,343,1995847,0),
(1139,'Товароведение и экспертиза товаров',NULL,343,1995848,0),
(1140,'Товарный менеджмент',NULL,340,1995849,0),
(1141,'Товароведение и экспертиза потребительских товаров',NULL,340,1995850,0),
(1142,'Дошкольного воспитания',NULL,344,2013738,0),
(1143,'Педагогики, психологии и методики начального образования',NULL,344,2013739,0),
(1144,'Теории и методики ФВ',NULL,345,2013740,0),
(1145,'Медико-педагогических дисциплин',NULL,345,2013741,0),
(1146,'Спортивных игр',NULL,345,2013742,0),
(1147,'Спортивных дисциплин',NULL,345,2013743,0),
(1148,'Гимнастики',NULL,345,2013744,0),
(1149,'Управления образованием',NULL,347,2013745,0),
(1150,'Экономики',NULL,347,2013746,0),
(1151,'Права',NULL,347,2013747,0),
(1152,'Общей биологии',NULL,349,2013754,0),
(1153,'Ботаники и зоологии, анатомии и физиологии',NULL,349,2013755,0),
(1154,'Химии',NULL,349,2013756,0),
(1155,'Методики преподавания биологии',NULL,349,2013757,0),
(1156,'Алгебры',NULL,348,2013748,0),
(1157,'Геометрии и методики преподавания математики',NULL,348,2013749,0),
(1158,'Информатики',NULL,348,2013750,0),
(1159,'Математического анализа',NULL,348,2013751,0),
(1160,'Общей физики',NULL,348,2013752,0),
(1161,'Теоретической физики',NULL,348,2013753,0),
(1162,'Экономики и прикладной математики',NULL,350,2013758,0),
(1163,'Технологии',NULL,350,2013759,0),
(1164,'Профобразования и методики обучения технологии',NULL,350,2013760,0),
(1165,'Отечественной истории',NULL,351,2013761,0),
(1166,'Всеобщей истории',NULL,351,2013762,0),
(1167,'Изобразительного искусства',NULL,352,2013763,0),
(1168,'Декоративно-прикладного искусства',NULL,352,2013764,0),
(1169,'Проектной графики',NULL,352,2013765,0),
(1170,'Технологические машины и оборудование',NULL,356,2033628,0),
(1171,'Продукты питания из растительного сырья',NULL,356,2033629,0),
(1172,'Авиастроение',NULL,354,2033618,0),
(1173,'Холодильная, криогенная техника и системы жизнеобеспечения',NULL,354,2033619,0),
(1174,'Машиностроение',NULL,354,2033620,0),
(1175,'Водные биоресурсы и аквакультура',NULL,357,2033630,0),
(1176,'Техносферная безопасность',NULL,357,2033631,0),
(1177,'Пожарная безопасность',NULL,357,2033632,0),
(1178,'Инженерная защита окружающей среды',NULL,359,2033635,0),
(1179,'Менеджмент',NULL,360,2033636,0),
(1180,'Торговое дело',NULL,360,2033637,0),
(1181,'Экономика',NULL,360,2033638,0),
(1182,' Кафедра «Менеджмент и бизнес технологии»',NULL,360,2125409,0),
(1183,'Геодезия и дистанционное зондирование',NULL,358,2033633,0),
(1184,'Прикладная геодезия',NULL,358,2033634,0),
(1185,'Землеустройство и кадастры',NULL,358,2042878,0),
(1186,'Информационные системы и технологии',NULL,361,2033639,0),
(1187,'Прикладная информатика',NULL,361,2033640,0),
(1188,'Математическое обеспечение и администрирование информационных систем',NULL,361,2033641,0),
(1189,'Программная инженерия',NULL,361,2033642,0),
(1190,'Менеджмент',NULL,362,2033643,0),
(1191,'Строительство',NULL,362,2033644,0),
(1192,'Экономика',NULL,362,2033645,0),
(1193,'Реклама и связи с общественностью',NULL,364,2033654,0),
(1194,'Информационные системы и технологии',NULL,364,2033655,0),
(1195,'Естественные науки',NULL,365,2033656,0),
(1196,'Русский язык как иностранный',NULL,365,2033657,0),
(1197,'Дизайн',NULL,363,2033646,0),
(1198,'Конструирование изделий лёгкой промышленности',NULL,363,2033647,0),
(1199,'Машиностроение',NULL,363,2033648,0),
(1200,'Металлургия',NULL,363,2033649,0),
(1201,'Технологические машины и оборудование',NULL,363,2033650,0),
(1202,'Материаловедение',NULL,363,2033651,0),
(1203,'Материаловедение и технологии материалов',NULL,363,2033652,0),
(1204,'Наноинженерия',NULL,363,2033653,0),
(1205,'Автоматизация технологических процессов и производств',NULL,366,2033658,0),
(1206,'Прикладные математика и физика',NULL,366,2033659,0),
(1207,'Технологические машины и оборудование',NULL,366,2033660,0),
(1208,'Химическая технология',NULL,366,2033661,0),
(1209,'Юриспруденция',NULL,367,2033662,0),
(1210,'Гостиничное дело',NULL,367,2033663,0),
(1211,'Сервис',NULL,367,2033664,0),
(1212,'Туризм',NULL,367,2033665,0),
(1213,'Биотехнические системы и технологии',NULL,368,2033666,0),
(1214,'Приборостроение',NULL,368,2033667,0),
(1215,'Стандартизация и метрология',NULL,368,2033668,0),
(1216,'Управление качеством',NULL,368,2033669,0),
(1217,'Автоматизация технологических процессов и производств',NULL,355,2033621,0),
(1218,'Управление в технических системах',NULL,355,2033622,0),
(1219,'Инноватика',NULL,355,2033623,0),
(1220,'Технологические машины и оборудование',NULL,355,2033624,0),
(1221,'Энергетическое машиностроение',NULL,355,2033625,0),
(1222,'Информатика и вычислительная техника',NULL,355,2033626,0),
(1223,'Мехатроника и робототехника',NULL,355,2033627,0),
(1224,'Документоведение и архивоведение',NULL,369,2033670,0),
(1225,'Лингвистика',NULL,369,2033671,0),
(1226,'Теология',NULL,369,2033672,0),
(1227,'Психология',NULL,369,2033673,0),
(1228,'Социальная работа',NULL,369,2033674,0),
(1229,'Профессиональное обучение',NULL,369,2033675,0),
(1230,'Конструкторско-технологическое обеспечение машиностроительных производств',NULL,370,2033676,0),
(1231,'Экономика',NULL,372,2033685,0),
(1232,'Менеджмент',NULL,372,2033686,0),
(1233,'Информационная безопасность телекоммуникационных систем',NULL,374,2033692,0),
(1234,'Информационная безопасность',NULL,374,2033693,0),
(1235,'Информационные системы и технологии',NULL,374,2033694,0),
(1236,'Науки о Земле',NULL,374,2033695,0),
(1237,'Техносферная безопасность',NULL,374,2033696,0),
(1238,'Электроэнергетика и электротехника',NULL,374,2033697,0),
(1239,'Физическая культура',NULL,373,2033690,0),
(1240,'Юриспруденция',NULL,375,2056939,0),
(1241,'Архитектура',NULL,376,2056934,0),
(1242,'Реконструкция и реставрация архитектурного наследия',NULL,376,2056935,0),
(1243,'Градостроительство',NULL,376,2056936,0),
(1244,'Дизайн архитектурной среды',NULL,376,2056937,0),
(1245,'Строительство',NULL,376,2056938,0),
(1246,'Инфокоммуникационные технологии и системы связи',NULL,371,2033677,0),
(1247,'Радиотехника',NULL,371,2033678,0),
(1248,'Технология транспортных процессов',NULL,371,2033679,0),
(1249,'Эксплуатация транспортно-технологических машин и комплексов',NULL,371,2033680,0),
(1250,'Наземные транспортно-технологические комплексы',NULL,371,2033681,0),
(1251,'Техносферная безопасность',NULL,371,2033682,0),
(1252,'Сервис',NULL,371,2033683,0),
(1253,'Психологическое консультирование и психотерапия',NULL,377,2082663,0),
(1254,'Психофизиология и клиническая психология',NULL,377,2082664,0),
(1255,'Организационная психология',NULL,377,2082665,0),
(1256,'Когнитивная психология',NULL,377,2082666,0),
(1257,'Метрология',NULL,378,27871,0),
(1258,'35',NULL,378,27872,0),
(1259,'Радиотехнические системы',NULL,378,29051,0),
(1260,'34 (Средства радиоэлектронной борьбы и защиты информации)',NULL,378,68716,0),
(1261,'РБУ',NULL,378,126377,0),
(1262,'Физикоэнергетические установки',NULL,378,279185,0),
(1263,'Техническая кибернетика',NULL,379,130712,0),
(1264,'Системы навигации и прицеливания',NULL,379,144697,0),
(1265,'24',NULL,379,200183,0),
(1266,'22',NULL,379,201608,0),
(1267,'21',NULL,379,238871,0),
(1268,'11',NULL,380,133125,0),
(1269,'13',NULL,380,164948,0),
(1270,'14',NULL,380,189415,0),
(1271,'12',NULL,380,226414,0),
(1272,'Психология',NULL,382,85945,0),
(1273,'51',NULL,382,96142,0),
(1274,'54',NULL,382,270092,0),
(1275,'565',NULL,381,93975,0),
(1276,'44',NULL,381,129152,0),
(1277,'42',NULL,381,214277,0),
(1278,'АСУ',NULL,381,234835,0),
(1279,'Психологии и педагогики',NULL,383,55392,0),
(1280,'Иностранных языков',NULL,383,283015,0);

/*Table structure for table `faculty` */

DROP TABLE IF EXISTS `faculty`;

CREATE TABLE `faculty` (
  `id` int(11) NOT NULL AUTO_INCREMENT,
  `name_full` varchar(200) DEFAULT NULL,
  `name_short` varchar(50) NOT NULL,
  `vk_id` int(11) NOT NULL,
  `university_id` int(11) NOT NULL,
  `is_demo` tinyint(1) NOT NULL DEFAULT '0',
  PRIMARY KEY (`id`)
) ENGINE=InnoDB AUTO_INCREMENT=388 DEFAULT CHARSET=utf8;

/*Data for the table `faculty` */

insert  into `faculty`(`id`,`name_full`,`name_short`,`vk_id`,`university_id`,`is_demo`) values 
(-2,'Факультет захвата Железного трона','',-2,-2,1),
(-1,'Факультет прикладных наук','',-1,-1,1),
(81,'Автоматизации и информатики (до 2008)','',2196,2,0),
(82,'Конструкторский (до 2008)','',3147,2,0),
(83,'Международный','',3148,2,0),
(84,'Гуманитарный (до 2008)','',16180,2,0),
(85,'Технологии машиностроения (до 2008)','',28178,2,0),
(86,'Приборостроения и технического регулирования','',797863,2,0),
(87,'Машин и оборудования агропромышленного комплекса','',797864,2,0),
(88,'Транспорта, сервиса и эксплуатации','',797865,2,0),
(89,'Нанотехнологий и композиционных материалов','',797866,2,0),
(90,'Технологии машиностроения (с 2008)','',797867,2,0),
(91,'Безопасности жизнедеятельности и инженерной экологии','',797868,2,0),
(92,'Машиностроительных технологий и оборудования','',797869,2,0),
(93,'Автоматизации, мехатроники и управления','',797870,2,0),
(94,'Информатики и вычислительной техники','',797871,2,0),
(95,'Социально-гуманитарный','',797872,2,0),
(96,'Инновационного бизнеса и менеджмента','',797873,2,0),
(97,'Медиакоммуникаций и мультимедийных технологий','',2150935,2,0),
(98,'Физической культуры, спорта и туризма','',2162616,2,0),
(99,'Права, сервиса и туризма','',2169974,2,0),
(100,'Авиастроения','',2185193,2,0),
(101,'Факультет «Управление процессами перевозок»','',2699,9,0),
(102,'Электромеханический факультет','',6114,9,0),
(103,'Гуманитарный факультет','',6612,9,0),
(104,'Факультет «Экономика, управление и право» (бывш. Международный институт предпринимательства и права)','',9211,9,0),
(105,'Факультет «Дорожно-строительные машины»','',10092,9,0),
(106,'Строительный факультет','',12303,9,0),
(107,'Энергетический факультет','',17935,9,0),
(108,'Заочный факультет','',25402,9,0),
(109,'Факультет «Информационные технологии управления» (Автоматика, телемеханика и связь на ж.-д.транспорте)','',38850,9,0),
(110,'Вечерний факультет','',38851,9,0),
(111,'Факультет военного обучения','',2195117,9,0),
(112,'Институт промышленного и гражданского строительства','',6022,8,0),
(113,'Дорожно-транспортный институт','',10593,8,0),
(114,'Институт информационно-экономических систем (бывш. Институт экономики и управления, Институт информационных систем и технологий)','',13252,8,0),
(115,'Инженерно-строительный институт (бывш. Институт инженерно-экологических систем, Институт строительных технологий и материалов)','',15019,8,0),
(116,'Институт подготовки и переподготовки специалистов','',38846,8,0),
(117,'Институт градостроительства и архитектуры','',2153646,8,0),
(118,'Юридический факультет','',4254,10,0),
(119,'Факультет компьютерных технологий и информационной безопасности','',7263,10,0),
(120,'Факультет лингвистики и журналистики','',25514,10,0),
(121,'Факультет менеджмента и предпринимательства','',2159624,10,0),
(122,'Факультет торгового дела','',2159625,10,0),
(123,'Факультет экономики и финансов','',2159628,10,0),
(124,'Учетно-экономический факультет','',2159631,10,0),
(125,'Институт магистратуры','',2185792,10,0),
(126,'Академия управления','',2150858,15,0),
(127,'Академия экономики и бизнеса','',2150859,15,0),
(128,'Академия права и национальной безопасности','',2150860,15,0),
(129,'Академия международных образовательных программ','',2150861,15,0),
(130,'Институт математики, механики и компьютерных наук (бывш. Механико-математический)','',2132,1,0),
(131,'Академия биологии и биотехнологии (бывш. Биологических наук)','',3134,1,0),
(132,'Институт высоких технологий и пьезотехники','',3135,1,0),
(133,'Институт наук о Земле (бывш. Геолого-географический)','',3136,1,0),
(134,'Институт истории и международных отношений (бывш. Исторический)','',3137,1,0),
(135,'Академия психологии и педагогики (бывш. Академия педагогического образования, Факультет психологии, Факультет педагогики и практической психологии)','',3138,1,0),
(136,'Институт философии и социально-политических наук (бывш. Философии и культурологии)','',3142,1,0),
(137,'Химический  факультет','',3143,1,0),
(138,'Юридический факультет','',3144,1,0),
(139,'Факультет технологии, изобразительного искусства и профессионального образования','',4867,1,0),
(140,'Физический факультет','',7891,1,0),
(141,'Институт филологии, журналистики и межкультурной коммуникации (бывш. Филологии и журналистики, Лингвистики и словесности)','',8738,1,0),
(142,'Факультет изобразительного искусства','',10711,1,0),
(143,'Экономический факультет','',10912,1,0),
(144,'Факультет экономики, управления и права','',12816,1,0),
(145,'Академия физической культуры и спорта','',24990,1,0),
(146,'Факультет социально-исторического образования','',25271,1,0),
(147,'Факультет повышения квалификации и профессиональной переподготовки работников образования','',38818,1,0),
(148,'Факультет естественнонаучного и математического образования','',38824,1,0),
(149,'Факультет военного обучения','',38912,1,0),
(150,'Высшая школа бизнеса (бывш. Институт экономики и внешнеэкономических связей)','',38914,1,0),
(151,'Институт права и управления','',38915,1,0),
(152,'Институт переподготовки и повышения квалификации','',38916,1,0),
(153,'Независимый российско-германский институт журналистики (бывш. Свободный российско-германский институт публицистики)','',1211947,1,0),
(154,'НИИ механики и прикладной математики','',1826259,1,0),
(155,'Северо-Кавказский НИИ экономических и социальных проблем','',2125163,1,0),
(156,'Северо-Кавказский научный центр высшей школы','',2152247,1,0),
(157,'Институт социологии и регионоведения','',2174705,1,0),
(158,'Факультет управления','',2177014,1,0),
(159,'Институт психологии, управления и бизнеса','',2179129,1,0),
(160,'Академия архитектуры и искусств','',2219357,1,0),
(161,'Энергетики и систем коммуникаций','',2090947,3,0),
(162,'Управления и предпринимательства','',2090948,3,0),
(163,'Нефтегазопромышленный','',2140000,3,0),
(164,'Юридический','',34905,6,0),
(165,'Педиатрический факультет','',5596,57,0),
(166,'Лечебно-профилактический факультет','',12343,57,0),
(167,'Медико-биологический факультет','',18104,57,0),
(168,'Международный центр теоретической медицины','',38814,57,0),
(169,'Психолого-социальный факультет','',38815,57,0),
(170,'Стоматологический факультет','',1041675,57,0),
(171,'Факультет высшего сестринского образования','',1041677,57,0),
(172,'Фармацевтический факультет','',1041678,57,0),
(173,'Факультет повышения квалификации и профессиональной переподготовки специалистов','',1041679,57,0),
(174,'Учебный военный центр','',1211976,57,0),
(175,'Медико-профилактический факультет','',1516177,57,0),
(176,'Факультет послевузовского профессионального образования','',2223082,57,0),
(177,'Факультет архитектуры и искусства','',38798,4,0),
(178,'Факультет дизайна','',417728,4,0),
(179,'Факультет подготовки специалистов по программам высшего образования (Юридический)','',26503,11,0),
(180,'Факультет профессиональной подготовки, переподготовки и повышения квалификации','',1593727,11,0),
(181,'Факультет заочного обучения','',1593728,11,0),
(182,'Фортепианный факультет','',25096,5,0),
(183,'Оркестровый факультет','',30434,5,0),
(184,'Факультет эстрадно-джазовой музыки','',38808,5,0),
(185,'Факультет дирижирования, вокального искусства, музыковедения и композиции','',38811,5,0),
(186,'Юридический','',52801,12,0),
(187,'Экономики','',52802,12,0),
(188,'Управления','',2147544,12,0),
(189,'Политологии','',2147547,12,0),
(190,'Переподготовки кадров','',2147548,12,0),
(191,'Психология','',31220,13,0),
(192,'Юридический','',57485,13,0),
(193,'Управление и информационные технологии','',59562,13,0),
(194,'Менеджмент','',60552,13,0),
(195,'Филология','',65240,13,0),
(196,'Финансы и кредит','',98375,13,0),
(197,'Экономический','',98382,13,0),
(198,'Менеджмент','',43043,14,0),
(199,'Мировая экономика','',139703,14,0),
(200,'Государственное и муниципальное управление','',152736,14,0),
(201,'Экономика','',305761,14,0),
(202,'Факультет практической психологии','',13746,16,0),
(203,'Факультет дизайна','',14524,16,0),
(204,'Факультет экономики','',14885,16,0),
(205,'Факультет рекламы и связи с общественностью','',17819,16,0),
(206,'Факультет юриспруденции','',29599,16,0),
(207,'Факультет философии','',38886,16,0),
(208,'Технология рыбы и рыбных производств','',22047,17,0),
(209,'Кафедра бухгалтерского учёта и финансов','',38764,17,0),
(210,'Кафедра экономики и корпоративного управления','',38765,17,0),
(211,'Кафедра математики, физики и информационных технологий','',38766,17,0),
(212,'Кафедра пищевых технологий и оборудования','',38771,17,0),
(213,'Кафедра технологий и товароведения','',38776,17,0),
(214,'Кафедра водные биоресурсы и аквакультура','',38778,17,0),
(215,'Кафедра химии и биологии','',2191662,17,0),
(216,'Факультет подготовки специалистов для судебной системы (Юридический)','',8096,18,0),
(217,'Факультет непрерывного образования по подготовке специалистов для судебной системы','',38783,18,0),
(218,'Факультет повышения квалификации и переподготовки судей, государственных гражданских служащих судов и Судебного департамента (ФПК судей и госслужащих судов)','',2200956,18,0),
(219,'Энергетический (ЭФ)','',8363,19,0),
(220,'Информационных технологий и управления (ФИТУ)','',9252,19,0),
(221,'Механический (МФ)','',29773,19,0),
(222,'Гуманитарного и социально-экономического образования (ФГиСЭО)','',31368,19,0),
(223,'Электромеханики, мехатроники технологических машин (ФЭМТМ)','',33264,19,0),
(224,'Открытого и дистанционного обучения (ФОиДО)','',38887,19,0),
(225,'Горно-геологический (ГГФ)','',38890,19,0),
(226,'Физико-математический (ФМФ)','',38891,19,0),
(227,'Химико-технологический (ХТФ)','',38897,19,0),
(228,'Строительный (СФ)','',38899,19,0),
(229,'Военного обучения (ФВО)','',38900,19,0),
(230,' Факультет таможенного дела','',9311,20,0),
(231,'Юридический факультет','',10361,20,0),
(232,'Экономический факультет','',24469,20,0),
(233,'Факультет повышения квалификации','',307810,20,0),
(234,'Очный факультет','',2166066,21,0),
(235,'Заочный факультет','',2166067,21,0),
(236,'Факультет инфокоммуникаций','',2231512,21,0),
(237,'Иностранных языков','',10778,22,0),
(238,'Факультет экономики и управления (Экономический, Менеджмент)','',13313,24,0),
(239,'Юридический факультет','',14041,24,0),
(240,'Информатика и ВТ','',11312,23,0),
(241,'Экономика','',44581,23,0),
(242,'Юриспруденция','',49446,23,0),
(243,'Психология','',59208,23,0),
(244,'Менеджмент','',72312,23,0),
(245,'Экономический','',27526,25,0),
(246,'Общеинженерный','',38700,25,0),
(247,'Кораблестроительный','',38702,25,0),
(248,'Судоводительский','',38704,25,0),
(249,'Электромеханический','',38705,25,0),
(250,'Юридический','',38706,25,0),
(251,'Заочный','',38707,25,0),
(252,'Психология','',27768,26,0),
(253,'Специальная дошкольная педагогика и психология','',38883,26,0),
(254,'Механико-технологический факультет','',14465,27,0),
(255,'Социально-гуманитарный факультет','',37938,27,0),
(256,'Финансово-экономический факультет','',38902,27,0),
(257,'Экономический факультет','',31668,28,0),
(258,'Агрономический факультет','',38718,28,0),
(259,'Факультет ветеринарной медицины','',38719,28,0),
(260,'Биотехнологический факультет (бывш. Биотехнологии, товароведения и экспертизы товаров, Технологии сельскохозяйственного производства)','',38721,28,0),
(261,'Педагогический факультет','',38722,28,0),
(262,'Факультет заочного обучения','',38723,28,0),
(263,'Факультет дополнительного профессионального образования и повышения квалификации','',38724,28,0),
(264,'Экономический факультет','',36815,30,0),
(265,'Юридический факультет','',38866,30,0),
(266,'Кафедра иностранных языков','',38726,31,0),
(267,'Кафедра информатики и математики (Информационно-правовых технологий и естественнонаучных дисциплин)','',38727,31,0),
(268,'Кафедра теории и истории государства и права','',38728,31,0),
(269,'Кафедра конституционного (государственного) права','',38730,31,0),
(270,'Кафедра гражданского права и гражданского процесса','',38731,31,0),
(271,'Кафедра уголовного права и уголовного процесса','',38732,31,0),
(272,'Кафедра социально-гуманитарных и экономических дисциплин','',38735,31,0),
(273,'Социально-культурная деятельность','',146327,32,0),
(274,'Библиотечно-информационная деятельность','',146329,32,0),
(275,'Актерского мастерства ','',2127331,32,0),
(276,'Юридический факультет','',158758,33,0),
(277,'Бухгалтерский учет, анализ и аудит','',177457,34,0),
(278,'Коммерция','',177458,34,0),
(279,'Менеджмент организации','',177459,34,0),
(280,'Экономика и управление на предприятии','',177461,34,0),
(281,'Юриспруденция','',177463,34,0),
(282,'Финансов и кредита','',2102462,34,0),
(283,'Экономика ','',181047,35,0),
(284,'Менеджмент','',181049,35,0),
(285,'Прикладная информатика','',801761,35,0),
(286,'Юриспруденция','',2198555,35,0),
(287,'Кафедра экономики и управления','',256906,37,0),
(288,'Кафедра менеджмента и управления в социотехнических системах','',256907,37,0),
(289,'Кафедра иностранных языков','',256908,37,0),
(290,'Кафедра философии, социологии и психологии','',256909,37,0),
(291,'Кафедра математических и естественнонаучных дисциплин','',256911,37,0),
(292,'Кафедра экономической безопасности','',2223083,37,0),
(293,'Кафедра гуманитарных, социальных и правовых дисциплин','',2223084,37,0),
(294,'Бухгалтерского учета и статистики','',267637,38,0),
(295,'Информационных систем и защиты информации','',267640,38,0),
(296,'Менеджмента','',267641,38,0),
(297,'Таможенного дела','',267642,38,0),
(298,'Технологический','',267643,38,0),
(299,'Товароведно-коммерческий','',267644,38,0),
(300,'Финансовый','',267645,38,0),
(301,'Экономический','',267646,38,0),
(302,'Юридический','',267647,38,0),
(303,'Судомеханический','',1014254,39,0),
(304,'Судоводительский','',1014255,39,0),
(305,'Электромеханический','',1014256,39,0),
(306,'Заочного и дополнительного образования','',1014257,39,0),
(307,'Эксплуатация судовых энергетических установок','',311662,40,0),
(308,'Организация перевозок и управление на транспорте','',311663,40,0),
(309,'Судовождения','',311664,40,0),
(310,'Управление водным транспортом и гидрографическое обеспечение судоходства','',2153223,40,0),
(311,'Технология транспортных процессов','',2157299,40,0),
(312,'Прикладная информатика в экономике','',348603,41,0),
(313,'Менеджмент организации','',348604,41,0),
(314,'Бухгалтерский учет, анализ и аудит','',348605,41,0),
(315,'Финансы и кредит','',2200919,41,0),
(316,'Физическая культура и спорт','',434148,42,0),
(317,'Адаптивная физическая культура','',434149,42,0),
(318,'Прикладная информатика','',849108,44,0),
(319,'Дефектологический','',540257,43,0),
(320,'Специальной психологии и основ клинической медицины','',540258,43,0),
(321,'Юриспруденция','',2200960,45,0),
(322,'Экономика','',2200961,45,0),
(323,'Менеджмент','',2200962,45,0),
(324,'Метеорологический','',2200958,46,0),
(325,'Гидрологический','',2200959,46,0),
(326,'Экономический факультет','',1192660,47,0),
(327,'Юридический факультет','',1192661,47,0),
(328,'Богословско-пастырское отделение','',2150050,49,0),
(329,'Регентско-певческое отделение','',2150051,49,0),
(330,'Иконописное отделение','',2223075,49,0),
(331,'Театральная и аудиовизуальная техника','',2157959,50,0),
(332,'Аудиовизуальная техника и звукотехническое обеспечение аудиовизуальных программ','',2157960,50,0),
(333,'Экономика и бухгалтерский учет','',2157961,50,0),
(334,'Менеджмент','',2157962,50,0),
(335,'Продюсерство','',2191660,50,0),
(336,'Режиссура кино и телевидения','',2200918,50,0),
(337,'Факультет инженеров морского транспорта','',2159739,51,0),
(338,'Управление заочного обучения','',2200920,51,0),
(339,'Менеджмент','',2200948,52,0),
(340,'Товароведение','',2200949,52,0),
(341,'Юриспруденция','',2200953,52,0),
(342,'Экономика','',2200954,52,0),
(343,'Торговое дело','',2200955,52,0),
(344,'Институт педагогики и психологии (бывш. Педагогический, Психологический)','',2213671,53,0),
(345,'Институт физической культуры','',2213672,53,0),
(346,'Лингвистический институт (бывш. Филологический, Иностранных языков)','',2213673,53,0),
(347,'Институт экономики, управления и права','',2213674,53,0),
(348,'Математики, информатики и физики','',2213675,53,0),
(349,'Естествознания','',2213676,53,0),
(350,'Технологии и предпринимательства (бывш. Индустриально-педагогический)','',2213677,53,0),
(351,'Исторический','',2213678,53,0),
(352,'Художественно-графический','',2213679,53,0),
(353,'Переподготовки и повышения квалификации руководящих работников образования','',2213680,53,0),
(354,'Факультет «Авиастроение»','',2218148,54,0),
(355,'Факультет «Автоматизация, мехатроника и управление»','',2218149,54,0),
(356,'Агропромышленный факультет','',2218150,54,0),
(357,'Факультет «Безопасность жизнедеятельности и инженерная экология»','',2218151,54,0),
(358,'Дорожно-транспортный факультет','',2218152,54,0),
(359,'Инженерно-строительный факультет','',2218153,54,0),
(360,'Факультет «Инновационный бизнес и менеджмент»','',2218154,54,0),
(361,'Факультет «Информатика и вычислительная техника»','',2218155,54,0),
(362,'Факультет «Информационно-экономические системы»','',2218156,54,0),
(363,'Факультет «Машиностроительные технологии и оборудование»','',2218157,54,0),
(364,'Факультет «Медиакоммуникации и мультимедийные технологии»','',2218158,54,0),
(365,'Международный факультет','',2218159,54,0),
(366,'Нефтегазопромышленный факультет','',2218160,54,0),
(367,'Факультет «Право, сервис и туризм»','',2218161,54,0),
(368,'Факультет «Приборостроение и техническое регулирование»','',2218162,54,0),
(369,'Социально-гуманитарный факультет','',2218163,54,0),
(370,'Факультет «Технология машиностроения»','',2218164,54,0),
(371,'Факультет «Транспорт, сервис и эксплуатация»','',2218165,54,0),
(372,'Факультет «Управление и предпринимательство»','',2218166,54,0),
(373,'Факультет «Физическая культура, спорт и туризм»','',2218167,54,0),
(374,'Факультет «Энергетика и системы коммуникаций»','',2218168,54,0),
(375,'Факультет «Юридический»','',2221372,54,0),
(376,'Факультет «Школа архитектуры, дизайна и искусств»','',2221373,54,0),
(377,'Факультет «Психология, педагогика и дефектология»','',2226744,54,0),
(378,'№3 Радиотехнических средств и метрологии','',23889,56,0),
(379,'№2 Системы управления летательных аппаратов','',34786,56,0),
(380,'№1 Стартовые и технические комплексы ракет и космических аппаратов','',38787,56,0),
(381,'№4 Автоматизированные системы управления','',38789,56,0),
(382,'№5','',38791,56,0),
(383,'Политфак','',38792,56,0),
(384,'Кафедра воздушных судов и авиационных двигателей','',185243,36,0),
(385,'Кафедра авиационных электросистем и пилотажно-навигационных комплексов','',185245,36,0),
(386,'Кафедра авиационного электрорадиоприборного оборудования','',185247,36,0),
(387,'Кафедра социально-экономических дисциплин','',185248,36,0);

/*Table structure for table `flat` */

DROP TABLE IF EXISTS `flat`;

CREATE TABLE `flat` (
  `id` int(11) NOT NULL AUTO_INCREMENT,
  `description` varchar(200) DEFAULT NULL,
  `address` varchar(200) NOT NULL,
  `square` varchar(50) NOT NULL,
  `room_num` int(11) NOT NULL,
  `traffic` varchar(300) NOT NULL,
  `rent_pay` int(11) NOT NULL,
  `total_pay` int(11) NOT NULL,
  `enter_date` date NOT NULL,
  `is_demo` tinyint(1) NOT NULL DEFAULT '0',
  PRIMARY KEY (`id`)
) ENGINE=InnoDB AUTO_INCREMENT=36 DEFAULT CHARSET=utf8;

/*Data for the table `flat` */

insert  into `flat`(`id`,`description`,`address`,`square`,`room_num`,`traffic`,`rent_pay`,`total_pay`,`enter_date`,`is_demo`) values 
(21,'Описание','Адрес','400 м2',20,'транспорт',3000,6000,'2017-12-11',1),
(25,'описание1','адрес1','площадь1',2,'транспорт1',1000,2000,'0000-00-00',1),
(26,'описание2','адрес2','площадь2',2,'транспорт2',1500,3000,'0000-00-00',1),
(31,'описание','адрес','56 кв. м.',3,'94, 96',3000,6000,'2017-12-09',1),
(32,'описание','адрес','56кв.м.',3,'94, 96',3000,6000,'2017-12-09',1),
(33,'описание','адрес','56 кв. м.',3,'94, 96',3000,6000,'2017-12-09',1),
(34,'самая уютная квартира на свете','адрес','25 кв',1,'94, 96 автобус',3000,6000,'2020-12-20',1),
(35,'описание вартиры','адрес квартиры','2222',1,'нет',111,111,'2017-12-20',0);

/*Table structure for table `flat_utility` */

DROP TABLE IF EXISTS `flat_utility`;

CREATE TABLE `flat_utility` (
  `id` int(11) NOT NULL AUTO_INCREMENT,
  `flat_id` int(11) NOT NULL,
  `utility_id` int(11) NOT NULL,
  PRIMARY KEY (`id`)
) ENGINE=InnoDB AUTO_INCREMENT=130 DEFAULT CHARSET=utf8;

/*Data for the table `flat_utility` */

insert  into `flat_utility`(`id`,`flat_id`,`utility_id`) values 
(128,34,1),
(129,34,3);

/*Table structure for table `photo` */

DROP TABLE IF EXISTS `photo`;

CREATE TABLE `photo` (
  `id` int(11) NOT NULL AUTO_INCREMENT,
  `src_small` varchar(200) DEFAULT NULL,
  `src_orig` varchar(200) NOT NULL,
  `filename_small` varchar(100) DEFAULT NULL,
  `filename_orig` varchar(100) NOT NULL,
  `width_small` int(11) DEFAULT NULL,
  `height_small` int(11) DEFAULT NULL,
  `width_orig` int(11) NOT NULL,
  `height_orig` int(11) NOT NULL,
  `flat_id` int(11) DEFAULT NULL,
  `date_created` datetime NOT NULL,
  `date_updated` datetime NOT NULL,
  `temporary_user_id` int(11) DEFAULT NULL,
  PRIMARY KEY (`id`)
) ENGINE=InnoDB AUTO_INCREMENT=26 DEFAULT CHARSET=utf8;

/*Data for the table `photo` */

insert  into `photo`(`id`,`src_small`,`src_orig`,`filename_small`,`filename_orig`,`width_small`,`height_small`,`width_orig`,`height_orig`,`flat_id`,`date_created`,`date_updated`,`temporary_user_id`) values 
(12,'/images/uploads/user_19/1512847436518.jpg','/images/uploads/user_19/1512847436518.jpg','1512847436518.jpg','1512847436518.jpg',1412,1438,1412,1438,0,'2017-12-09 22:23:56','2017-12-09 22:23:56',NULL),
(13,'/images/uploads/user_19/1512848039926.jpg','/images/uploads/user_19/1512848039926.jpg','1512848039926.jpg','1512848039926.jpg',822,800,822,800,0,'2017-12-09 22:33:59','2017-12-09 22:33:59',NULL),
(14,'/images/uploads/user_19/1512848071858.jpg','/images/uploads/user_19/1512848071858.jpg','1512848071858.jpg','1512848071858.jpg',822,800,822,800,0,'2017-12-09 22:34:31','2017-12-09 22:34:31',NULL),
(20,'/images/uploads/user_19/1512941196664.jpg','/images/uploads/user_19/1512941196664.jpg','1512941196664.jpg','1512941196664.jpg',275,183,275,183,21,'2017-12-11 00:26:36','2017-12-11 00:26:36',NULL),
(21,'/images/uploads/user_19/1512986131106.jpg','/images/uploads/user_19/1512986131106.jpg','1512986131106.jpg','1512986131106.jpg',620,413,620,413,34,'2017-12-11 12:55:31','2017-12-11 12:55:31',NULL),
(23,'/images/uploads/user_27/1513773343164.jpg','/images/uploads/user_27/1513773343164.jpg','1513773343164.jpg','1513773343164.jpg',1000,749,1000,749,NULL,'2017-12-20 15:35:43','2017-12-20 15:35:43',NULL),
(24,'/images/uploads/user_27/1513773683124.jpg','/images/uploads/user_27/1513773683124.jpg','1513773683124.jpg','1513773683124.jpg',3264,1836,3264,1836,NULL,'2017-12-20 15:41:23','2017-12-20 15:41:23',NULL),
(25,'/images/uploads/user_27/1513773879384.jpg','/images/uploads/user_27/1513773879384.jpg','1513773879384.jpg','1513773879384.jpg',1365,2048,1365,2048,NULL,'2017-12-20 15:44:39','2017-12-20 15:44:39',NULL);

/*Table structure for table `post` */

DROP TABLE IF EXISTS `post`;

CREATE TABLE `post` (
  `id` int(11) NOT NULL AUTO_INCREMENT,
  `type` enum('find-flat','find-roommate') NOT NULL,
  `enter_date` varchar(50) DEFAULT NULL,
  `date_created` datetime NOT NULL,
  `date_updated` datetime NOT NULL,
  `user_sex` enum('мужской','женский','не важно') DEFAULT NULL,
  `user_activity` enum('интроверт','экстраверт','не важно') DEFAULT NULL,
  `user_badhabbits` enum('курение','алкоголь','алкоголь и курение','нет','не важно') DEFAULT NULL,
  `user_pets` enum('небольшие только','не важно','обожаю живность') DEFAULT NULL,
  `user_id` int(11) NOT NULL,
  `flat_internet` tinyint(1) DEFAULT NULL,
  `flat_microwave` tinyint(1) DEFAULT NULL,
  `flat_room_num` int(11) DEFAULT NULL,
  `flat_total_pay` int(11) DEFAULT NULL,
  `flat_square` int(11) DEFAULT NULL,
  `flat_conditioner` tinyint(1) DEFAULT NULL,
  `flat_coffee` tinyint(1) DEFAULT NULL,
  `user_age_range` enum('18-25','18-30','не важно') DEFAULT NULL,
  `user_university` varchar(200) DEFAULT NULL,
  `user_car` tinyint(1) DEFAULT NULL,
  `user_success` enum('не важно','хорошист','отличник') DEFAULT NULL,
  `rent_pay` int(11) DEFAULT NULL,
  `flat_parking` tinyint(1) DEFAULT NULL,
  PRIMARY KEY (`id`)
) ENGINE=InnoDB DEFAULT CHARSET=utf8;

/*Data for the table `post` */

/*Table structure for table `priority` */

DROP TABLE IF EXISTS `priority`;

CREATE TABLE `priority` (
  `id` int(11) NOT NULL AUTO_INCREMENT,
  `display_name_full` varchar(150) NOT NULL,
  `display_name_short` varchar(75) NOT NULL,
  `display_order` int(11) NOT NULL,
  PRIMARY KEY (`id`)
) ENGINE=InnoDB AUTO_INCREMENT=10 DEFAULT CHARSET=utf8;

/*Data for the table `priority` */

insert  into `priority`(`id`,`display_name_full`,`display_name_short`,`display_order`) values 
(3,'Социальная активность румейта?','Социальная активность',3),
(4,'Вредные привычки?','Вредные привычки?',4),
(5,'Домашние животные?','Домашние животные?',5),
(6,'Наличие машины?','Наличие машины?',6),
(8,'Желаемый уровень успеваемости соседа?','Успеваемость?',8),
(9,'Важна ли чистота и порядок?','Чистота и порядок?',9);

/*Table structure for table `priority_option` */

DROP TABLE IF EXISTS `priority_option`;

CREATE TABLE `priority_option` (
  `id` int(11) NOT NULL AUTO_INCREMENT,
  `name` varchar(100) NOT NULL,
  `priority_id` int(11) NOT NULL,
  `default` tinyint(1) NOT NULL DEFAULT '0',
  PRIMARY KEY (`id`),
  KEY `character_fk` (`priority_id`)
) ENGINE=InnoDB AUTO_INCREMENT=31 DEFAULT CHARSET=utf8;

/*Data for the table `priority_option` */

insert  into `priority_option`(`id`,`name`,`priority_id`,`default`) values 
(7,'Не важна',3,1),
(8,'Интроверт',3,0),
(9,'Экстраверт',3,0),
(10,'Не важно',4,1),
(11,'Курит',4,0),
(12,'Курит и пьет',4,0),
(13,'Не курит и не пьет',4,0),
(14,'Не важно',5,1),
(15,'Небольшие только',5,0),
(16,'Обожаю живность',5,0),
(17,'Не важно',6,1),
(18,'Есть',6,0),
(19,'Нет',6,0),
(24,'Не важна',8,1),
(25,'Отличник',8,0),
(26,'Хорошист',8,0),
(27,'Не важно',9,1),
(28,'Важно',9,0),
(29,'Люблю когда грязно',9,0),
(30,'Алкоголь',4,0);

/*Table structure for table `roommate_request` */

DROP TABLE IF EXISTS `roommate_request`;

CREATE TABLE `roommate_request` (
  `id` int(11) NOT NULL AUTO_INCREMENT,
  `from_user_id` int(11) NOT NULL,
  `to_user_id` int(11) NOT NULL,
  `status` enum('pending','accepted','declined') NOT NULL,
  `is_viewed` tinyint(1) NOT NULL DEFAULT '0',
  `date_created` datetime NOT NULL,
  `date_updated` datetime NOT NULL,
  PRIMARY KEY (`id`)
) ENGINE=InnoDB AUTO_INCREMENT=4 DEFAULT CHARSET=utf8;

/*Data for the table `roommate_request` */

insert  into `roommate_request`(`id`,`from_user_id`,`to_user_id`,`status`,`is_viewed`,`date_created`,`date_updated`) values 
(1,19,1,'pending',0,'2017-12-14 16:02:35','2017-12-14 16:02:40'),
(2,2,19,'declined',0,'2017-12-14 16:02:56','2017-12-14 16:02:59'),
(3,19,27,'accepted',0,'2018-01-03 21:35:07','2018-01-03 21:35:07');

/*Table structure for table `session` */

DROP TABLE IF EXISTS `session`;

CREATE TABLE `session` (
  `token` varchar(32) NOT NULL,
  `user_id` int(11) NOT NULL,
  PRIMARY KEY (`token`)
) ENGINE=InnoDB DEFAULT CHARSET=utf8;

/*Data for the table `session` */

insert  into `session`(`token`,`user_id`) values 
('AOIs2fEUEQCzPIZWFhR3s9ObdlUYYfvY',21),
('Bmmj1tsDoC90AuJH5OuMwRD33TKC7jVZ',28),
('is5Ri8Dyrh4bzlEKkjEqemMAbaxRSz4M',29),
('iZOzdcofrZKl6fvLvvTHGqPrTUA3dZpI',28),
('qE7zUJ44uQSRVl1sQzglmQkFA8WGG39M',20),
('VOxEXZKZNQEEkgA16hu2Dui4hyWGQuQd',27),
('X73uDxnRb80tfZgUPD2j7R6dwFhwDmsv',29);

/*Table structure for table `studyyear` */

DROP TABLE IF EXISTS `studyyear`;

CREATE TABLE `studyyear` (
  `id` varchar(2) NOT NULL,
  `name_full` varchar(150) NOT NULL,
  `name_short` varchar(100) DEFAULT NULL,
  PRIMARY KEY (`id`)
) ENGINE=InnoDB DEFAULT CHARSET=utf8;

/*Data for the table `studyyear` */

insert  into `studyyear`(`id`,`name_full`,`name_short`) values 
('1','1 курс','1 курс'),
('1М','1 год магистратуры','1 маг'),
('2','2 курс','2 курс'),
('2М','2 год магистратуры','2 маг'),
('3','3 курс','3 курс'),
('4','4 курс','4 курс'),
('5','5 курс','5 курс'),
('АС','аспирант','аспирант');

/*Table structure for table `university` */

DROP TABLE IF EXISTS `university`;

CREATE TABLE `university` (
  `id` int(11) NOT NULL AUTO_INCREMENT,
  `name_full` varchar(300) DEFAULT NULL,
  `name_short` varchar(100) NOT NULL,
  `vk_id` int(11) NOT NULL,
  `is_demo` tinyint(1) NOT NULL DEFAULT '0',
  PRIMARY KEY (`id`)
) ENGINE=InnoDB AUTO_INCREMENT=58 DEFAULT CHARSET=utf8;

/*Data for the table `university` */

insert  into `university`(`id`,`name_full`,`name_short`,`vk_id`,`is_demo`) values 
(-2,NULL,'Институт благородных Кхалиси',-2,1),
(-1,NULL,'Стена (Университет Винтерфелла для бастардов)',-1,1),
(1,'','ЮФУ (бывш. РГУ)',3415,0),
(2,NULL,'ДГТУ (бывш. РИСХМ)',749,0),
(3,NULL,'ИЭиМ ДГТУ (бывш. РГАСХМ)',750,0),
(4,NULL,'ААрхИ ЮФУ (бывш. ИАрхИ, РГААиИ)',751,0),
(5,NULL,'РГК им. Рахманинова',752,0),
(6,NULL,'РИБиП\r\n',753,0),
(8,NULL,'АСА ДГТУ (бывш. РГСУ)',756,0),
(9,NULL,'РГУПС (бывш. РИИЖТ)',758,0),
(10,NULL,'РГЭУ РИНХ',759,0),
(11,NULL,'РЮИ МВД РФ\r\n',760,0),
(12,NULL,'РАНХиГС (СКАГС) при Президенте РФ',761,0),
(13,NULL,'ИБиП\r\n',762,0),
(14,NULL,'ИМБ\r\n',763,0),
(15,NULL,'ИУБиП\r\n',764,0),
(16,NULL,'ЮРГИ\r\n',765,0),
(17,NULL,'МГУТУ (РФ)',2982,0),
(18,NULL,'РГУП (РФ) (бывш. РФ РАП)',3581,0),
(19,NULL,'ЮРГТУ (НПИ)',3727,0),
(20,NULL,'РТА (РФ)',3745,0),
(21,NULL,'МТУСИ (СКФ)',4698,0),
(22,NULL,'РИНЯЗ',5109,0),
(23,NULL,'СГА',5406,0),
(24,NULL,'РСЭИ',6607,0),
(25,NULL,'ВГАВТ (РФ)',15339,0),
(26,NULL,'СКИАПП',15466,0),
(27,NULL,'ИСИТ ДГТУ (бывш. РТИСТ  ЮРГУЭС)',17155,0),
(28,NULL,'ДонГАУ (бывш. ДСХИ)',17782,0),
(29,NULL,'МЭСИ (ДФ)',19139,0),
(30,NULL,'РИЗП',20295,0),
(31,NULL,'ДЮИ',21194,0),
(32,NULL,'СПбГУКИ (РФ)',57100,0),
(33,NULL,'РЮИ ВГУЮ (бывш. РПА МЮ РФ)',84304,0),
(34,NULL,'РГТЭУ (РИ)',93146,0),
(35,NULL,'МосАП (РФ)',94863,0),
(36,NULL,'МГТУ ГА (РФ)',96782,0),
(37,NULL,'РМИЭУ',133751,0),
(38,NULL,'РИК (ф) БУКЭП (бывш. БУПК РФ)',139990,0),
(39,NULL,'МГАВТ (РФ)',141835,0),
(40,NULL,'РФ ГМУ им. адм. Ушакова (МГА им. Ушакова)',167296,0),
(41,NULL,'ЕАОИ (ДФ)',191391,0),
(42,NULL,'РИФКиС (ф) КГУФКСиТ',244001,0),
(43,NULL,'МГГУ им. Шолохова (РФ)',298234,0),
(44,NULL,'РИПИ',439825,0),
(45,NULL,'МИПП (РФ)',459686,0),
(46,NULL,'РГГМУ (РФ)',461494,0),
(47,NULL,'МУ им. С. Ю. Витте (бывш. МИЭМП) (РФ)',583877,0),
(48,NULL,'ИУиИАП ДГТУ',1164357,0),
(49,NULL,'ДДС',1171123,0),
(50,NULL,'ВГИК (РФ)',1172319,0),
(51,NULL,'ИВТ им. Седова (филиал ГМУ им. Ушакова)',1172842,0),
(52,NULL,'РИ (ф) РЭУ им. Г. В. Плеханова',1174939,0),
(53,NULL,'РГПУ',1187488,0),
(54,NULL,'ДГТУ (с 2016)',1187868,0),
(55,NULL,'РИПК и ППРО',1188065,0),
(56,NULL,'РВИРВ им. Неделина',1189601,0),
(57,NULL,'РостГМУ',754,0);

/*Table structure for table `user` */

DROP TABLE IF EXISTS `user`;

CREATE TABLE `user` (
  `id` int(11) NOT NULL AUTO_INCREMENT,
  `first_name` varchar(100) NOT NULL,
  `last_name` varchar(100) NOT NULL,
  `birth_date` datetime NOT NULL,
  `age` int(11) NOT NULL,
  `about` text,
  `phone` varchar(50) DEFAULT NULL,
  `email` varchar(100) DEFAULT NULL,
  `avatar` varchar(200) NOT NULL DEFAULT '/images/photo.jpg' COMMENT '200x200',
  `sex` enum('мужской','женский','не важно') NOT NULL,
  `wish_pay` int(11) DEFAULT NULL,
  `city` varchar(100) DEFAULT NULL,
  `date_register` datetime NOT NULL,
  `register_from_vk` tinyint(1) DEFAULT NULL,
  `password` varchar(100) DEFAULT NULL,
  `login` varchar(100) DEFAULT NULL,
  `vk_id` int(11) NOT NULL,
  `flat_id` int(11) DEFAULT NULL,
  `char_activity` enum('не важно','интроверт','экстраверт') DEFAULT NULL,
  `char_habbits` enum('не важно','курит','пьет','курит и пьет','не курит и не пьет') DEFAULT NULL,
  `char_pets` enum('не важно','только небольшие','обожаю животных') DEFAULT NULL,
  `char_age` enum('18-25','18-30','не важно') DEFAULT NULL,
  `char_car` enum('не важно','есть','нет') DEFAULT NULL,
  `char_university` enum('не важно') DEFAULT NULL,
  `complains_available` int(11) NOT NULL DEFAULT '2',
  `university_id` int(11) DEFAULT NULL,
  `faculty_id` int(11) DEFAULT NULL,
  `department_id` int(11) DEFAULT NULL,
  `studyyear_id` varchar(2) DEFAULT NULL,
  `is_demo` tinyint(1) NOT NULL DEFAULT '0',
  PRIMARY KEY (`id`)
) ENGINE=InnoDB AUTO_INCREMENT=22 DEFAULT CHARSET=utf8;

/*Data for the table `user` */

insert  into `user`(`id`,`first_name`,`last_name`,`birth_date`,`age`,`about`,`phone`,`email`,`avatar`,`sex`,`wish_pay`,`city`,`date_register`,`register_from_vk`,`password`,`login`,`vk_id`,`flat_id`,`char_activity`,`char_habbits`,`char_pets`,`char_age`,`char_car`,`char_university`,`complains_available`,`university_id`,`faculty_id`,`department_id`,`studyyear_id`,`is_demo`) values 
(1,'Джон','Сноу','1995-12-10 00:00:00',22,'Джон Сноу (урождённый Эйгон Таргариен) — сын Рейгара Таргариена и Лианны Старк, наследник Железного трона. Считается внебрачным сыном лорда Винтерфелла Эддарда Старка.','+7(999)-999-99-99','johnsnow@gameofthrones.com','/images/john_snow.jpg','мужской',0,'Винтерфелл','2017-11-12 06:00:57',0,'john','john',0,21,NULL,NULL,NULL,'18-25',NULL,NULL,1,1,130,23,'2',1),
(2,'Дейнерис','Таргариен','1995-06-15 00:00:00',22,'Дейнерис Таргариен — дочь «Безумного короля» Эйриса II и королевы Рейлы, свергнутых с железного трона во время восстания Роберта. Младшая сестра Рейгара и Визериса Таргариенов.','+7(333)-333-33-33','daenerys@gameofthrones.com','/images/daenerys.png','женский',0,'Пентос','2017-11-12 06:20:04',0,'daenerys','daenerys',0,NULL,NULL,NULL,NULL,'18-25',NULL,NULL,1,1,130,24,'2',1),
(19,'Кирилл','Владыкин','1989-06-28 00:00:00',28,'Одинокий мужчина ну в пооолном расцвете сил','+7(111)-111-11-11','kirillmybox@rambler.ru','/images/uploads/user_19/1513848006547.png','мужской',NULL,'Ростов-на-Дону','2017-12-02 20:30:47',1,NULL,NULL,16718732,34,NULL,NULL,NULL,NULL,NULL,NULL,9,1,130,23,'2М',1),
(21,'Ольга','Владыкина','1995-02-01 00:00:00',22,NULL,'+7(111)-111-11-11','test@mail.ru','/images/uploads/user_21/avatar_1515871231806.jpg','женский',NULL,'Ростов-на-Дону','2018-01-13 22:20:31',NULL,NULL,NULL,462993092,NULL,NULL,NULL,NULL,NULL,NULL,NULL,2,10,120,669,NULL,0);

/*Table structure for table `user_complains` */

DROP TABLE IF EXISTS `user_complains`;

CREATE TABLE `user_complains` (
  `id` int(11) NOT NULL AUTO_INCREMENT,
  `from_user_id` int(11) NOT NULL,
  `to_user_id` int(11) NOT NULL,
  `complain_id` int(11) NOT NULL,
  `comment` varchar(500) DEFAULT NULL,
  `date_created` datetime NOT NULL,
  `is_processed` tinyint(1) NOT NULL DEFAULT '0',
  `date_processed` datetime DEFAULT NULL,
  PRIMARY KEY (`id`)
) ENGINE=InnoDB AUTO_INCREMENT=3 DEFAULT CHARSET=utf8;

/*Data for the table `user_complains` */

insert  into `user_complains`(`id`,`from_user_id`,`to_user_id`,`complain_id`,`comment`,`date_created`,`is_processed`,`date_processed`) values 
(2,19,2,2,'qwdfghj','2018-01-11 23:02:04',0,NULL);

/*Table structure for table `user_priority_option` */

DROP TABLE IF EXISTS `user_priority_option`;

CREATE TABLE `user_priority_option` (
  `id` int(11) NOT NULL AUTO_INCREMENT,
  `user_id` int(11) NOT NULL,
  `priority_option_id` int(11) NOT NULL,
  PRIMARY KEY (`id`),
  KEY `user_fk` (`user_id`),
  KEY `character_value_fk` (`priority_option_id`)
) ENGINE=InnoDB AUTO_INCREMENT=871 DEFAULT CHARSET=utf8;

/*Data for the table `user_priority_option` */

insert  into `user_priority_option`(`id`,`user_id`,`priority_option_id`) values 
(847,19,8),
(848,19,11),
(849,19,15),
(850,19,18),
(851,19,24),
(852,19,28),
(853,1,8),
(854,21,7),
(855,21,10),
(856,21,14),
(857,21,17),
(858,21,24),
(859,21,27),
(860,1,13),
(861,1,15),
(862,1,19),
(863,1,24),
(864,1,27),
(865,2,9),
(866,2,10),
(867,2,16),
(868,2,19),
(869,2,24),
(870,2,27);

/*Table structure for table `utility` */

DROP TABLE IF EXISTS `utility`;

CREATE TABLE `utility` (
  `id` int(11) NOT NULL AUTO_INCREMENT,
  `display_name` varchar(50) NOT NULL,
  `display_order` int(11) NOT NULL,
  PRIMARY KEY (`id`)
) ENGINE=InnoDB AUTO_INCREMENT=6 DEFAULT CHARSET=utf8;

/*Data for the table `utility` */

insert  into `utility`(`id`,`display_name`,`display_order`) values 
(1,'Кондиционер',1),
(2,'Микроволновка',2),
(3,'Кофемашина',3),
(4,'Парковка',4),
(5,'Wi-fi',5);

/*Table structure for table `v_education` */

DROP TABLE IF EXISTS `v_education`;

/*!50001 DROP VIEW IF EXISTS `v_education` */;
/*!50001 DROP TABLE IF EXISTS `v_education` */;

/*!50001 CREATE TABLE  `v_education`(
 `id` int(11) ,
 `first_name` varchar(100) ,
 `last_name` varchar(100) ,
 `faculty_id` int(11) ,
 `faculty_name` varchar(200) ,
 `university_id` int(11) ,
 `university_name` varchar(100) 
)*/;

/*Table structure for table `v_priority` */

DROP TABLE IF EXISTS `v_priority`;

/*!50001 DROP VIEW IF EXISTS `v_priority` */;
/*!50001 DROP TABLE IF EXISTS `v_priority` */;

/*!50001 CREATE TABLE  `v_priority`(
 `option_id` int(11) ,
 `option_name` varchar(100) ,
 `priority_id` int(11) ,
 `priority_name_full` varchar(150) ,
 `priority_name_short` varchar(75) ,
 `order` int(11) 
)*/;

/*Table structure for table `v_user` */

DROP TABLE IF EXISTS `v_user`;

/*!50001 DROP VIEW IF EXISTS `v_user` */;
/*!50001 DROP TABLE IF EXISTS `v_user` */;

/*!50001 CREATE TABLE  `v_user`(
 `user_id` int(11) ,
 `user_first_name` varchar(100) ,
 `user_last_name` varchar(100) ,
 `user_age` int(11) ,
 `user_sex` enum('мужской','женский','не важно') ,
 `user_birth_date` varchar(10) ,
 `user_about` text ,
 `user_avatar` varchar(200) ,
 `user_name` varchar(201) ,
 `user_phone` varchar(50) ,
 `user_email` varchar(100) ,
 `user_city` varchar(100) ,
 `user_wish_pay` int(11) ,
 `user_date_register` datetime ,
 `university_id` int(11) ,
 `university_name` varchar(100) ,
 `faculty_id` int(11) ,
 `faculty_name` varchar(200) ,
 `department_id` int(11) ,
 `department_name` varchar(500) ,
 `studyyear_id` varchar(2) ,
 `studyyear_name` varchar(100) ,
 `flat_id` int(11) ,
 `flat_description` varchar(200) ,
 `flat_square` varchar(50) ,
 `flat_traffic` varchar(300) ,
 `flat_address` varchar(200) ,
 `flat_room_num` int(11) ,
 `flat_rent_pay` int(11) ,
 `flat_total_pay` int(11) ,
 `flat_first_photo` varchar(200) ,
 `flat_enter_date` varchar(10) 
)*/;

/*Table structure for table `v_user_priority` */

DROP TABLE IF EXISTS `v_user_priority`;

/*!50001 DROP VIEW IF EXISTS `v_user_priority` */;
/*!50001 DROP TABLE IF EXISTS `v_user_priority` */;

/*!50001 CREATE TABLE  `v_user_priority`(
 `priority_id` int(11) ,
 `priority_name_full` varchar(150) ,
 `option_id` int(11) ,
 `option_name` varchar(100) ,
 `user_id` int(11) 
)*/;

/*View structure for view v_education */

/*!50001 DROP TABLE IF EXISTS `v_education` */;
/*!50001 DROP VIEW IF EXISTS `v_education` */;

/*!50001 CREATE ALGORITHM=UNDEFINED DEFINER=`root`@`localhost` SQL SECURITY DEFINER VIEW `v_education` AS (select `user`.`id` AS `id`,`user`.`first_name` AS `first_name`,`user`.`last_name` AS `last_name`,`faculty`.`id` AS `faculty_id`,`faculty`.`name_full` AS `faculty_name`,`university`.`id` AS `university_id`,`university`.`name_short` AS `university_name` from ((`user` join `university` on((`user`.`university_id` = `university`.`id`))) join `faculty` on((`user`.`faculty_id` = `faculty`.`id`)))) */;

/*View structure for view v_priority */

/*!50001 DROP TABLE IF EXISTS `v_priority` */;
/*!50001 DROP VIEW IF EXISTS `v_priority` */;

/*!50001 CREATE ALGORITHM=UNDEFINED DEFINER=`root`@`localhost` SQL SECURITY DEFINER VIEW `v_priority` AS (select `priority_option`.`id` AS `option_id`,`priority_option`.`name` AS `option_name`,`priority`.`id` AS `priority_id`,`priority`.`display_name_full` AS `priority_name_full`,`priority`.`display_name_short` AS `priority_name_short`,`priority`.`display_order` AS `order` from (`priority` join `priority_option` on((`priority_option`.`priority_id` = `priority`.`id`))) order by `priority`.`display_order`) */;

/*View structure for view v_user */

/*!50001 DROP TABLE IF EXISTS `v_user` */;
/*!50001 DROP VIEW IF EXISTS `v_user` */;

/*!50001 CREATE ALGORITHM=TEMPTABLE DEFINER=`root`@`localhost` SQL SECURITY DEFINER VIEW `v_user` AS (select `user`.`id` AS `user_id`,`user`.`first_name` AS `user_first_name`,`user`.`last_name` AS `user_last_name`,`user`.`age` AS `user_age`,`user`.`sex` AS `user_sex`,date_format(`user`.`birth_date`,'%d.%m.%Y') AS `user_birth_date`,`user`.`about` AS `user_about`,`user`.`avatar` AS `user_avatar`,concat(`user`.`first_name`,' ',`user`.`last_name`) AS `user_name`,`user`.`phone` AS `user_phone`,`user`.`email` AS `user_email`,`user`.`city` AS `user_city`,`user`.`wish_pay` AS `user_wish_pay`,`user`.`date_register` AS `user_date_register`,`university`.`id` AS `university_id`,`university`.`name_short` AS `university_name`,`faculty`.`id` AS `faculty_id`,`faculty`.`name_full` AS `faculty_name`,`department`.`id` AS `department_id`,`department`.`name_full` AS `department_name`,`studyyear`.`id` AS `studyyear_id`,`studyyear`.`name_short` AS `studyyear_name`,`user`.`flat_id` AS `flat_id`,`flat`.`description` AS `flat_description`,`flat`.`square` AS `flat_square`,`flat`.`traffic` AS `flat_traffic`,`flat`.`address` AS `flat_address`,`flat`.`room_num` AS `flat_room_num`,`flat`.`rent_pay` AS `flat_rent_pay`,`flat`.`total_pay` AS `flat_total_pay`,(select `photo`.`src_small` from `photo` where (`photo`.`flat_id` = `flat`.`id`) limit 1) AS `flat_first_photo`,date_format(`flat`.`enter_date`,'%d.%m.%Y') AS `flat_enter_date` from (((((`user` left join `flat` on((`user`.`flat_id` = `flat`.`id`))) left join `university` on((`university`.`id` = `user`.`university_id`))) left join `faculty` on((`faculty`.`id` = `user`.`faculty_id`))) left join `department` on((`department`.`id` = `user`.`department_id`))) left join `studyyear` on((`studyyear`.`id` = `user`.`studyyear_id`)))) */;

/*View structure for view v_user_priority */

/*!50001 DROP TABLE IF EXISTS `v_user_priority` */;
/*!50001 DROP VIEW IF EXISTS `v_user_priority` */;

/*!50001 CREATE ALGORITHM=UNDEFINED DEFINER=`root`@`localhost` SQL SECURITY DEFINER VIEW `v_user_priority` AS (select `priority`.`id` AS `priority_id`,`priority`.`display_name_full` AS `priority_name_full`,`priority_option`.`id` AS `option_id`,`priority_option`.`name` AS `option_name`,`user_priority_option`.`user_id` AS `user_id` from ((`user_priority_option` join `priority_option` on((`user_priority_option`.`priority_option_id` = `priority_option`.`id`))) join `priority` on((`priority_option`.`priority_id` = `priority`.`id`)))) */;

/*!40101 SET SQL_MODE=@OLD_SQL_MODE */;
/*!40014 SET FOREIGN_KEY_CHECKS=@OLD_FOREIGN_KEY_CHECKS */;
/*!40014 SET UNIQUE_CHECKS=@OLD_UNIQUE_CHECKS */;
/*!40111 SET SQL_NOTES=@OLD_SQL_NOTES */;
